case_id,seed,split,policy,mean_selection_regret,final_selection_regret,mean_shots,budget_utilization,confirmation_coverage_95,model_coverage_95,confirmation_zero_se_fraction,mean_confirmation_standard_error,mean_model_standard_deviation,mean_absolute_prediction_error
stable,101,calibration,reuse,0.0,0.0,2008.0,0.98046875,1.0,0.0,0.0,0.01908313256728849,0.0069523704248858585,0.016309963111895753
stable,101,calibration,driftqas,0.0,0.0,2008.0,0.98046875,1.0,0.0,0.0,0.01908313256728849,0.0069523704248858585,0.016309963111895753
stable,101,calibration,ideal_only,0.0,0.0,408.0,0.19921875,1.0,1.0,0.0,0.01908313256728849,0.1,0.004024508922147341
stable,101,calibration,fresh_racing,0.0004982275585072582,0.0009964551170145164,2048.0,1.0,1.0,0.75,0.0,0.020516732596119282,0.027215471338264914,0.029371013299156368
stable,101,calibration,reuse_racing,0.0014390047526493532,0.004752430026356169,2048.0,1.0,1.0,1.0,0.0,0.019847924865788624,0.01674836743634757,0.013968482874819943
stable,101,calibration,global_racing,0.0014390047526493532,0.004752430026356169,2048.0,1.0,1.0,1.0,0.0,0.019847924865788624,0.01674836743634757,0.013968482874819943
stable,101,calibration,driftqas_racing,0.0014390047526493532,0.004752430026356169,2048.0,1.0,1.0,1.0,0.0,0.019847924865788624,0.01674836743634757,0.013968482874819943
stable,101,calibration,driftqas_racing_uniform,0.0007491248045675691,0.0009964551170145164,2048.0,1.0,1.0,1.0,0.0,0.018070625319572573,0.01646851306490133,0.020979038755808532
stable,102,calibration,reuse,0.002002625421814175,0.004004825487485597,2008.0,0.98046875,0.5,0.5,0.0,0.015290906322520618,0.011450092234637277,0.019024959640218386
stable,102,calibration,driftqas,0.002002625421814175,0.004004825487485597,2008.0,0.98046875,0.5,0.5,0.0,0.015290906322520618,0.011450092234637277,0.019024959640218386
stable,102,calibration,ideal_only,0.0,0.0,408.0,0.19921875,1.0,1.0,0.0,0.017099113578588655,0.1,0.0040245089221462305
stable,102,calibration,fresh_racing,0.0010014190499427755,0.004004825487485597,2048.0,1.0,0.75,0.25,0.0,0.01691064397717677,0.0219457724874571,0.06011017761174542
stable,102,calibration,reuse_racing,0.0030812068390619896,0.004160000934381181,2048.0,1.0,1.0,0.75,0.0,0.01817282013106059,0.01470332218935086,0.01973076078882513
stable,102,calibration,global_racing,0.0030812068390619896,0.004160000934381181,2048.0,1.0,1.0,0.75,0.0,0.01817282013106059,0.01470332218935086,0.01973076078882513
stable,102,calibration,driftqas_racing,0.0030812068390619896,0.004160000934381181,2048.0,1.0,1.0,0.75,0.0,0.01817282013106059,0.01470332218935086,0.01973076078882513
stable,102,calibration,driftqas_racing_uniform,0.0020801068062262784,0.004160000934381181,2048.0,1.0,1.0,0.75,0.0,0.018470070928832582,0.0167574832912243,0.02260333441258955
stable,103,calibration,reuse,0.004021803887215791,0.004009208793191332,2008.0,0.98046875,1.0,0.0,0.0,0.017783406596906,0.00828135339656533,0.020614050062444378
stable,103,calibration,driftqas,0.004021803887215791,0.004009208793191332,2008.0,0.98046875,1.0,0.0,0.0,0.017783406596906,0.00828135339656533,0.020614050062444378
stable,103,calibration,ideal_only,0.0040043863774470445,0.0040043863774470445,408.0,0.19921875,1.0,1.0,0.0,0.019452367791462997,0.1,0.008028895299683425
stable,103,calibration,fresh_racing,0.003034738304362128,9.212541902670068e-07,2048.0,1.0,0.75,0.75,0.0,0.01627095396870273,0.02318414926644543,0.043966106865982235
stable,103,calibration,reuse_racing,0.004064411585033456,0.004064411585033456,2048.0,1.0,0.75,0.75,0.0,0.018184782509999785,0.011366750543017856,0.017851952388864556
stable,103,calibration,global_racing,0.004064411585033456,0.004064411585033456,2048.0,1.0,0.75,0.75,0.0,0.018184782509999785,0.011366750543017856,0.017851952388864556
stable,103,calibration,driftqas_racing,0.004064411585033456,0.004064411585033456,2048.0,1.0,0.75,0.75,0.0,0.018184782509999785,0.011366750543017856,0.017851952388864556
stable,103,calibration,driftqas_racing_uniform,0.0030182960849818863,0.0,2048.0,1.0,1.0,0.5,0.0,0.020331177525531482,0.016683526234561815,0.0316211592190373
stable,104,calibration,reuse,2.327821269076935e-09,2.327821269076935e-09,2008.0,0.98046875,1.0,0.5,0.0,0.017208205174574557,0.007972706603260838,0.014085331697081482
stable,104,calibration,driftqas,2.327821269076935e-09,2.327821269076935e-09,2008.0,0.98046875,1.0,0.5,0.0,0.017208205174574557,0.007972706603260838,0.014085331697081482
stable,104,calibration,ideal_only,0.0,0.0,408.0,0.19921875,0.75,1.0,0.0,0.013682996424545209,0.1,0.0040245089221462305
stable,104,calibration,fresh_racing,0.00914237099369225,0.016282534956777006,2048.0,1.0,1.0,0.75,0.0,0.013838438323907722,0.024152379660407862,0.0398258589157669
stable,104,calibration,reuse_racing,2.327821269076935e-09,2.327821269076935e-09,2048.0,1.0,1.0,1.0,0.0,0.017208205174574557,0.012098714037663376,0.018790405169399282
stable,104,calibration,global_racing,2.327821269076935e-09,2.327821269076935e-09,2048.0,1.0,1.0,1.0,0.0,0.017208205174574557,0.012098714037663376,0.018790405169399282
stable,104,calibration,driftqas_racing,2.327821269076935e-09,2.327821269076935e-09,2048.0,1.0,1.0,1.0,0.0,0.017208205174574557,0.012098714037663376,0.018790405169399282
stable,104,calibration,driftqas_racing_uniform,2.327821269076935e-09,2.327821269076935e-09,2048.0,1.0,1.0,1.0,0.0,0.017208205174574557,0.012335404053369345,0.019542405769284232
stable,105,calibration,reuse,1.5814474181419236e-05,1.8629309294526664e-05,2008.0,0.98046875,1.0,0.5,0.0,0.01834485771411081,0.0073812690819934305,0.007691790729849102
stable,105,calibration,driftqas,1.5814474181419236e-05,1.8629309294526664e-05,2008.0,0.98046875,1.0,0.5,0.0,0.01834485771411081,0.0073812690819934305,0.007691790729849102
stable,105,calibration,ideal_only,0.0,0.0,408.0,0.19921875,0.75,1.0,0.0,0.020025751432288536,0.1,0.004024508922147563
stable,105,calibration,fresh_racing,0.0010193347816061515,1.8629309294526664e-05,2048.0,1.0,1.0,0.75,0.0,0.019761621568944156,0.024492869891703344,0.03535773966274358
stable,105,calibration,reuse_racing,6.333857990148406e-06,1.8629309294526664e-05,2048.0,1.0,1.0,0.75,0.0,0.019831743765182853,0.012236277738760484,0.015041015370923505
stable,105,calibration,global_racing,6.333857990148406e-06,1.8629309294526664e-05,2048.0,1.0,1.0,0.75,0.0,0.019831743765182853,0.012236277738760484,0.015041015370923505
stable,105,calibration,driftqas_racing,6.333857990148406e-06,1.8629309294526664e-05,2048.0,1.0,1.0,0.75,0.0,0.019831743765182853,0.012236277738760484,0.015041015370923505
stable,105,calibration,driftqas_racing_uniform,5.527476631572714e-06,7.369968842096952e-06,2048.0,1.0,1.0,1.0,0.0,0.018289455842471616,0.013423845410263804,0.010921928678504056
stable,106,calibration,reuse,0.0010027558432915695,1.026945782633959e-06,2018.0,0.9853515625,1.0,0.0,0.0,0.018462383700480287,0.008676488151581434,0.024925567066372945
stable,106,calibration,driftqas,0.0010027558432915695,1.026945782633959e-06,2018.0,0.9853515625,1.0,0.0,0.0,0.018462383700480287,0.008676488151581434,0.024925567066372945
stable,106,calibration,ideal_only,0.0,0.0,408.0,0.19921875,1.0,1.0,0.0,0.016372677839867705,0.1,0.004024508922146897
stable,106,calibration,fresh_racing,0.007073189515286404,0.004007942535818376,2048.0,1.0,1.0,0.5,0.0,0.017439084804663194,0.029605497308662167,0.06146690935382931
stable,106,calibration,reuse_racing,0.003003070355287296,1.026945782633959e-06,2048.0,1.0,1.0,1.0,0.0,0.019160425909043707,0.01610985425053538,0.018307432369547683
stable,106,calibration,global_racing,0.003003070355287296,1.026945782633959e-06,2048.0,1.0,1.0,1.0,0.0,0.019160425909043707,0.01610985425053538,0.018307432369547683
stable,106,calibration,driftqas_racing,0.003003070355287296,1.026945782633959e-06,2048.0,1.0,1.0,1.0,0.0,0.019160425909043707,0.01610985425053538,0.018307432369547683
stable,106,calibration,driftqas_racing_uniform,0.002000571589202804,4.5434855877601876e-10,2048.0,1.0,1.0,1.0,0.0,0.018991921871003112,0.017126241763468084,0.015762249222631863
stable,107,calibration,reuse,0.0030037464429306104,0.00400438637770506,2008.0,0.98046875,1.0,0.25,0.0,0.01705211175178544,0.015013881286018112,0.0276086649236989
stable,107,calibration,driftqas,0.0030037464429306104,0.00400438637770506,2008.0,0.98046875,1.0,0.25,0.0,0.01705211175178544,0.015013881286018112,0.0276086649236989
stable,107,calibration,ideal_only,0.0,0.0,408.0,0.19921875,1.0,1.0,0.0,0.017543024366420346,0.1,0.004024508922146897
stable,107,calibration,fresh_racing,0.006073282368055266,0.00400438637770506,2048.0,1.0,1.0,0.5,0.0,0.01669905202229871,0.027545445272948527,0.04108151651535785
stable,107,calibration,reuse_racing,0.007073922302829716,0.00400438637770506,2048.0,1.0,1.0,1.0,0.0,0.016390860634798377,0.012076809270189563,0.012311875230354874
stable,107,calibration,global_racing,0.007073922302829716,0.00400438637770506,2048.0,1.0,1.0,1.0,0.0,0.016390860634798377,0.012076809270189563,0.012311875230354874
stable,107,calibration,driftqas_racing,0.007073922302829716,0.00400438637770506,2048.0,1.0,1.0,1.0,0.0,0.016390860634798377,0.012076809270189563,0.012311875230354874
stable,107,calibration,driftqas_racing_uniform,0.006657814393786876,0.00400438637770506,2048.0,1.0,1.0,1.0,0.0,0.017391881263761948,0.017083030072625637,0.01742714255065092
stable,108,calibration,reuse,0.002213077961081167,0.004389674960464607,2008.0,0.98046875,1.0,0.5,0.0,0.017302207862070835,0.009046254658978592,0.01788583419958878
stable,108,calibration,driftqas,0.002213077961081167,0.004389674960464607,2008.0,0.98046875,1.0,0.5,0.0,0.017302207862070835,0.009046254658978592,0.01788583419958878
stable,108,calibration,ideal_only,0.0,0.0,408.0,0.19921875,1.0,1.0,0.0,0.01832091046654484,0.1,0.004024508922146008
stable,108,calibration,fresh_racing,0.002123281886278916,0.004035720427295386,2048.0,1.0,1.0,0.5,0.0,0.015491458382081148,0.023325985505628713,0.04036584798556908
stable,108,calibration,reuse_racing,3.6480961697726855e-05,3.6480961697726855e-05,2048.0,1.0,1.0,0.75,0.0,0.016595924615619352,0.010845140053940225,0.01974970030232165
stable,108,calibration,global_racing,3.6480961697726855e-05,3.6480961697726855e-05,2048.0,1.0,1.0,0.75,0.0,0.016595924615619352,0.010845140053940225,0.01974970030232165
stable,108,calibration,driftqas_racing,3.6480961697726855e-05,3.6480961697726855e-05,2048.0,1.0,1.0,0.75,0.0,0.016595924615619352,0.010845140053940225,0.01974970030232165
stable,108,calibration,driftqas_racing_uniform,0.0022104630780612755,3.125119565794421e-05,2048.0,1.0,1.0,0.75,0.0,0.01880000184472736,0.014247151638292148,0.02965714335947983
stable,109,calibration,reuse,0.0030335603849833137,0.004005176997771809,2008.0,0.98046875,1.0,1.0,0.0,0.01842720747002348,0.009052819199215125,0.012182472324563043
stable,109,calibration,driftqas,0.0030335603849833137,0.004005176997771809,2008.0,0.98046875,1.0,1.0,0.0,0.01842720747002348,0.009052819199215125,0.012182472324563043
stable,109,calibration,ideal_only,0.0,0.0,408.0,0.19921875,1.0,1.0,0.0,0.0178166674358317,0.1,0.004024508922147341
stable,109,calibration,fresh_racing,0.008146083451660235,0.0,2048.0,1.0,1.0,0.75,0.0,0.014532176647506985,0.021204044835334994,0.039098814230552725
stable,109,calibration,reuse_racing,0.00513128204205221,0.00011871054661782843,2048.0,1.0,1.0,1.0,0.0,0.01658628028368638,0.015030337459690955,0.010720290349423012
stable,109,calibration,global_racing,0.00513128204205221,0.00011871054661782843,2048.0,1.0,1.0,1.0,0.0,0.01658628028368638,0.015030337459690955,0.010720290349423012
stable,109,calibration,driftqas_racing,0.00513128204205221,0.00011871054661782843,2048.0,1.0,1.0,1.0,0.0,0.01658628028368638,0.015030337459690955,0.010720290349423012
stable,109,calibration,driftqas_racing_uniform,0.005076745181802844,0.0,2048.0,1.0,1.0,1.0,0.0,0.017758876412527498,0.013014741124147,0.009417201560512789
stable,110,calibration,reuse,0.0010218605504322964,0.004005995594901002,2018.0,0.9853515625,0.75,0.25,0.0,0.02142139650376101,0.012985275432090743,0.02803492168672833
stable,110,calibration,driftqas,0.0010218605504322964,0.004005995594901002,2018.0,0.9853515625,0.75,0.25,0.0,0.02142139650376101,0.012985275432090743,0.02803492168672833
stable,110,calibration,ideal_only,0.0,0.0,408.0,0.19921875,0.75,1.0,0.0,0.0207758694510756,0.1,0.004024508922145786
stable,110,calibration,fresh_racing,0.00403921056274098,0.004005995594901002,2048.0,1.0,0.75,0.75,0.0,0.017789370459949577,0.03048497084440742,0.04712473041501297
stable,110,calibration,reuse_racing,0.006093991968397383,0.004005995594901002,2048.0,1.0,1.0,1.0,0.0,0.01791896077511338,0.016136874780892985,0.013306331366858826
stable,110,calibration,global_racing,0.006093991968397383,0.004005995594901002,2048.0,1.0,1.0,1.0,0.0,0.01791896077511338,0.016136874780892985,0.013306331366858826
stable,110,calibration,driftqas_racing,0.006093991968397383,0.004005995594901002,2048.0,1.0,1.0,1.0,0.0,0.01791896077511338,0.016136874780892985,0.013306331366858826
stable,110,calibration,driftqas_racing_uniform,0.0010622023074923215,8.144660682818383e-05,2048.0,1.0,0.75,0.5,0.0,0.018499915986160423,0.017383046910614444,0.033882422115984745
stable,111,calibration,reuse,0.004004725944434684,0.004004725944434684,2018.0,0.9853515625,1.0,0.0,0.0,0.017666142194380056,0.007567948176922544,0.029968355087837684
stable,111,calibration,driftqas,0.004004725944434684,0.004004725944434684,2018.0,0.9853515625,1.0,0.0,0.0,0.017666142194380056,0.007567948176922544,0.029968355087837684
stable,111,calibration,ideal_only,0.0,0.0,408.0,0.19921875,1.0,1.0,0.0,0.021531955625496906,0.1,0.004024508922147341
stable,111,calibration,fresh_racing,0.005254018827213269,0.008066859131861559,2048.0,1.0,1.0,0.25,0.0,0.019408822391154122,0.02519389223733423,0.060213148665050675
stable,111,calibration,reuse_racing,0.0041161518908017225,0.004004725944434684,2048.0,1.0,1.0,0.25,0.0,0.019521466965697183,0.013775734298378122,0.038197208139916616
stable,111,calibration,global_racing,0.0041161518908017225,0.004004725944434684,2048.0,1.0,1.0,0.25,0.0,0.019521466965697183,0.013775734298378122,0.038197208139916616
stable,111,calibration,driftqas_racing,0.0041161518908017225,0.004004725944434684,2048.0,1.0,1.0,0.25,0.0,0.019521466965697183,0.013775734298378122,0.038197208139916616
stable,111,calibration,driftqas_racing_uniform,0.0021242408144498404,0.0,2048.0,1.0,1.0,0.75,0.0,0.018181183219876027,0.016857843697436394,0.026674366294556273
stable,112,calibration,reuse,1.6825511241602698e-05,1.6825511241602698e-05,2008.0,0.98046875,1.0,0.0,0.0,0.016511993791464754,0.007590992078652546,0.02731104441588833
stable,112,calibration,driftqas,1.6825511241602698e-05,1.6825511241602698e-05,2008.0,0.98046875,1.0,0.0,0.0,0.016511993791464754,0.007590992078652546,0.02731104441588833
stable,112,calibration,ideal_only,0.0,0.0,408.0,0.19921875,1.0,1.0,0.0,0.017980980819891013,0.1,0.004024508922146008
stable,112,calibration,fresh_racing,0.004030564142924298,0.004108545766408067,2048.0,1.0,1.0,0.25,0.0,0.016980948581826843,0.022487995751235765,0.05802041969636251
stable,112,calibration,reuse_racing,0.004004593240931165,0.004004662158435535,2048.0,1.0,1.0,1.0,0.0,0.017064058360564575,0.014646015770945039,0.02367385300351782
stable,112,calibration,global_racing,0.004004593240931165,0.004004662158435535,2048.0,1.0,1.0,1.0,0.0,0.017064058360564575,0.014646015770945039,0.02367385300351782
stable,112,calibration,driftqas_racing,0.004004593240931165,0.004004662158435535,2048.0,1.0,1.0,1.0,0.0,0.017064058360564575,0.014646015770945039,0.02367385300351782
stable,112,calibration,driftqas_racing_uniform,0.004030564142924298,0.004004662158435535,2048.0,1.0,1.0,1.0,0.0,0.017504965140344712,0.014944504975221304,0.021307170221632976
stable,113,calibration,reuse,0.004122966224386737,0.00850004904329893,2018.0,0.9853515625,1.0,1.0,0.0,0.02091800092851451,0.008938076649895278,0.013688592491861717
stable,113,calibration,driftqas,0.004122966224386737,0.00850004904329893,2018.0,0.9853515625,1.0,1.0,0.0,0.02091800092851451,0.008938076649895278,0.013688592491861717
stable,113,calibration,ideal_only,0.0,0.0,408.0,0.19921875,1.0,1.0,0.0,0.017649414975011202,0.1,0.004024508922147563
stable,113,calibration,fresh_racing,0.0035629896028846475,0.0,2048.0,1.0,1.0,0.75,0.0,0.016523505926635665,0.022228960388032196,0.031856991139857016
stable,113,calibration,reuse_racing,0.006247975114361093,0.00850004904329893,2048.0,1.0,0.75,1.0,0.0,0.019176223684813427,0.012602099825880196,0.012394207295811033
stable,113,calibration,global_racing,0.006247975114361093,0.00850004904329893,2048.0,1.0,0.75,1.0,0.0,0.019176223684813427,0.012602099825880196,0.012394207295811033
stable,113,calibration,driftqas_racing,0.006247975114361093,0.00850004904329893,2048.0,1.0,0.75,1.0,0.0,0.019176223684813427,0.012602099825880196,0.012394207295811033
stable,113,calibration,driftqas_racing_uniform,0.001565042381023396,0.0,2048.0,1.0,1.0,1.0,0.0,0.015533278403147735,0.01590387998935921,0.008204983523425302
stable,114,calibration,reuse,0.001191879386579553,4.796261783091005e-05,2008.0,0.98046875,1.0,0.5,0.0,0.0182677528234007,0.011775407513619135,0.016470315309516537
stable,114,calibration,driftqas,0.001191879386579553,4.796261783091005e-05,2008.0,0.98046875,1.0,0.5,0.0,0.0182677528234007,0.011775407513619135,0.016470315309516537
stable,114,calibration,ideal_only,0.0,0.0,408.0,0.19921875,0.75,1.0,0.0,0.01883768309129054,0.1,0.0040245089221466745
stable,114,calibration,fresh_racing,0.002511606744735162,4.796261783091005e-05,2048.0,1.0,1.0,1.0,0.0,0.02016607029241857,0.03098053312012376,0.03994302660364002
stable,114,calibration,reuse_racing,0.0033106109507228254,0.0006471749254961523,2048.0,1.0,0.75,1.0,0.0,0.016753246570395494,0.016739050464821204,0.011638478935444396
stable,114,calibration,global_racing,0.0033106109507228254,0.0006471749254961523,2048.0,1.0,0.75,1.0,0.0,0.016753246570395494,0.016739050464821204,0.011638478935444396
stable,114,calibration,driftqas_racing,0.0033106109507228254,0.0006471749254961523,2048.0,1.0,0.75,1.0,0.0,0.016753246570395494,0.016739050464821204,0.011638478935444396
stable,114,calibration,driftqas_racing_uniform,0.004492525886419851,0.0059740469759494985,2048.0,1.0,1.0,1.0,0.0,0.016438018291961447,0.014906635438435414,0.0073876600067596665
stable,115,calibration,reuse,0.0010623476378178731,0.0042493905512714925,2018.0,0.9853515625,0.5,0.25,0.0,0.01753014108883606,0.009923615610246628,0.019305976324067053
stable,115,calibration,driftqas,0.0010623476378178731,0.0042493905512714925,2018.0,0.9853515625,0.5,0.25,0.0,0.01753014108883606,0.009923615610246628,0.019305976324067053
stable,115,calibration,ideal_only,0.0,0.0,408.0,0.19921875,0.5,1.0,0.0,0.01624601067096261,0.1,0.004024508922145342
stable,115,calibration,fresh_racing,0.00505720885687555,0.0042493905512714925,2048.0,1.0,0.75,0.25,0.0,0.019233614729700324,0.023094394972041174,0.05044135676189132
stable,115,calibration,reuse_racing,0.0019974306095288386,0.0,2048.0,1.0,0.5,0.25,0.0,0.016189069169373127,0.014649996367102115,0.04174478316595304
stable,115,calibration,global_racing,0.0019974306095288386,0.0,2048.0,1.0,0.5,0.25,0.0,0.016189069169373127,0.014649996367102115,0.04174478316595304
stable,115,calibration,driftqas_racing,0.0019974306095288386,0.0,2048.0,1.0,0.5,0.25,0.0,0.016189069169373127,0.014649996367102115,0.04174478316595304
stable,115,calibration,driftqas_racing_uniform,0.00012471670851255112,0.0,2048.0,1.0,1.0,1.0,0.0,0.017634431220033497,0.01483418467094792,0.006915554133031465
stable,116,calibration,reuse,3.916774430023917e-05,7.833548860047834e-05,2008.0,0.98046875,1.0,0.5,0.0,0.017462170744678943,0.008030187578368746,0.015521736988134971
stable,116,calibration,driftqas,3.916774430023917e-05,7.833548860047834e-05,2008.0,0.98046875,1.0,0.5,0.0,0.017462170744678943,0.008030187578368746,0.015521736988134971
stable,116,calibration,ideal_only,0.0,0.0,408.0,0.19921875,1.0,1.0,0.0,0.01786912837373268,0.1,0.004024508922146897
stable,116,calibration,fresh_racing,0.0010705527117425007,0.004067823165547324,2048.0,1.0,1.0,0.75,0.0,0.018737381422989727,0.0261928229433756,0.043590662564383265
stable,116,calibration,reuse_racing,7.3653484689018e-06,1.47306969378036e-05,2048.0,1.0,1.0,1.0,0.0,0.018004451909893582,0.01026022981370568,0.015574787150990255
stable,116,calibration,global_racing,7.3653484689018e-06,1.47306969378036e-05,2048.0,1.0,1.0,1.0,0.0,0.018004451909893582,0.01026022981370568,0.015574787150990255
stable,116,calibration,driftqas_racing,7.3653484689018e-06,1.47306969378036e-05,2048.0,1.0,1.0,1.0,0.0,0.018004451909893582,0.01026022981370568,0.015574787150990255
stable,116,calibration,driftqas_racing_uniform,0.0010243211398557328,1.47306969378036e-05,2048.0,1.0,1.0,1.0,0.0,0.01960684847816115,0.017027751979109447,0.026988982787860993
stable,117,calibration,reuse,0.0023733410754669393,0.004464759766234172,2018.0,0.9853515625,1.0,0.5,0.0,0.01974763699819964,0.009148529867989818,0.014830873067536443
stable,117,calibration,driftqas,0.0023733410754669393,0.004464759766234172,2018.0,0.9853515625,1.0,0.5,0.0,0.01974763699819964,0.009148529867989818,0.014830873067536443
stable,117,calibration,ideal_only,0.0,0.0,408.0,0.19921875,1.0,1.0,0.0,0.01821721088284891,0.1,0.004024508922146008
stable,117,calibration,fresh_racing,0.004279810708829324,0.004279810708829324,2048.0,1.0,0.75,0.5,0.0,0.016136594707617215,0.029403323358601192,0.06432763054063506
stable,117,calibration,reuse_racing,0.0032098580316219927,0.0,2048.0,1.0,0.75,0.25,0.0,0.01735858995644622,0.014280683445255541,0.03457793654245328
stable,117,calibration,global_racing,0.0032098580316219927,0.0,2048.0,1.0,0.75,0.25,0.0,0.01735858995644622,0.014280683445255541,0.03457793654245328
stable,117,calibration,driftqas_racing,0.0032098580316219927,0.0,2048.0,1.0,0.75,0.25,0.0,0.01735858995644622,0.014280683445255541,0.03457793654245328
stable,117,calibration,driftqas_racing_uniform,7.683941026742636e-05,0.00028192238469970654,2048.0,1.0,1.0,1.0,0.0,0.01842530728623376,0.017469951525319875,0.020501985120935318
stable,118,calibration,reuse,0.004001066084346305,0.00800213215416079,2018.0,0.9853515625,1.0,0.75,0.0,0.01763449007628365,0.012087250570894607,0.01748750170447083
stable,118,calibration,driftqas,0.004001066084346305,0.00800213215416079,2018.0,0.9853515625,1.0,0.75,0.0,0.01763449007628365,0.012087250570894607,0.01748750170447083
stable,118,calibration,ideal_only,0.0,0.0,408.0,0.19921875,1.0,1.0,0.0,0.017773644916152496,0.1,0.004024508922147119
stable,118,calibration,fresh_racing,0.002000533053072018,0.00800213215416079,2048.0,1.0,1.0,0.75,0.0,0.018291436698369766,0.03056864903878886,0.0450860529051868
stable,118,calibration,reuse_racing,2.9063640383242273e-11,2.9063640383242273e-11,2048.0,1.0,1.0,0.75,0.0,0.017109155497941394,0.01441284840335879,0.018854688297703037
stable,118,calibration,global_racing,2.9063640383242273e-11,2.9063640383242273e-11,2048.0,1.0,1.0,0.75,0.0,0.017109155497941394,0.01441284840335879,0.018854688297703037
stable,118,calibration,driftqas_racing,2.9063640383242273e-11,2.9063640383242273e-11,2048.0,1.0,1.0,0.75,0.0,0.017109155497941394,0.01441284840335879,0.018854688297703037
stable,118,calibration,driftqas_racing_uniform,7.265910095810568e-12,0.0,2048.0,1.0,1.0,0.75,0.0,0.01667432788566024,0.015739184019763777,0.02486702854225392
stable,119,calibration,reuse,0.0020021931944855798,0.0,2018.0,0.9853515625,1.0,0.0,0.0,0.015624102833410619,0.008289362505191711,0.025766044681016786
stable,119,calibration,driftqas,0.0020021931944855798,0.0,2018.0,0.9853515625,1.0,0.0,0.0,0.015624102833410619,0.008289362505191711,0.025766044681016786
stable,119,calibration,ideal_only,0.0,0.0,408.0,0.19921875,1.0,1.0,0.0,0.018255117852716232,0.1,0.004024508922147119
stable,119,calibration,fresh_racing,0.0030032897917283696,0.0,2048.0,1.0,1.0,0.5,0.0,0.015808562341798067,0.017373409810696287,0.029045517518010766
stable,119,calibration,reuse_racing,0.0040043863889711595,0.0040043863889711595,2048.0,1.0,1.0,0.0,0.0,0.016373041373932723,0.010029914528736451,0.02396242690596717
stable,119,calibration,global_racing,0.0040043863889711595,0.0040043863889711595,2048.0,1.0,1.0,0.0,0.0,0.016373041373932723,0.010029914528736451,0.02396242690596717
stable,119,calibration,driftqas_racing,0.0040043863889711595,0.0040043863889711595,2048.0,1.0,1.0,0.0,0.0,0.016373041373932723,0.010029914528736451,0.02396242690596717
stable,119,calibration,driftqas_racing_uniform,0.0030032897917283696,0.0,2048.0,1.0,1.0,0.5,0.0,0.015808562341798067,0.017901964480968417,0.025235818752211425
stable,120,calibration,reuse,0.002002193197054747,2.0872192862952943e-14,2018.0,0.9853515625,1.0,1.0,0.0,0.017847021157125015,0.009687909136432828,0.008085486135300246
stable,120,calibration,driftqas,0.002002193197054747,2.0872192862952943e-14,2018.0,0.9853515625,1.0,1.0,0.0,0.017847021157125015,0.009687909136432828,0.008085486135300246
stable,120,calibration,ideal_only,0.0,0.0,408.0,0.19921875,1.0,1.0,0.0,0.018551820441511848,0.1,0.0040245089221466745
stable,120,calibration,fresh_racing,0.004070632519321715,2.0872192862952943e-14,2048.0,1.0,1.0,1.0,0.0,0.01634218884675977,0.02275889180574193,0.023031970694146087
stable,120,calibration,reuse_racing,2.0872192862952943e-14,2.0872192862952943e-14,2048.0,1.0,1.0,1.0,0.0,0.01733555198281228,0.011533700723795571,0.0039497438033169185
stable,120,calibration,global_racing,2.0872192862952943e-14,2.0872192862952943e-14,2048.0,1.0,1.0,1.0,0.0,0.01733555198281228,0.011533700723795571,0.0039497438033169185
stable,120,calibration,driftqas_racing,2.0872192862952943e-14,2.0872192862952943e-14,2048.0,1.0,1.0,1.0,0.0,0.01733555198281228,0.011533700723795571,0.0039497438033169185
stable,120,calibration,driftqas_racing_uniform,0.003676178004311914,2.0872192862952943e-14,2048.0,1.0,1.0,0.75,0.0,0.01856066330601862,0.016950523895241206,0.03047092851510974
abrupt-mild,101,calibration,reuse,0.0002508972461217063,1.2279066652354231e-13,2008.0,0.98046875,0.75,0.25,0.0,0.013829561869367622,0.00798450530327377,0.017617108005994586
abrupt-mild,101,calibration,driftqas,0.0002508972461217063,1.2279066652354231e-13,2008.0,0.98046875,0.75,0.25,0.0,0.013829561869367622,0.008012989242416727,0.017868944829450728
abrupt-mild,101,calibration,ideal_only,0.005944516188899351,0.011889032377798703,408.0,0.19921875,0.75,1.0,0.0,0.018729203365978993,0.1,0.01811029014966381
abrupt-mild,101,calibration,fresh_racing,0.0005000110253446377,0.0,2048.0,1.0,0.75,0.5,0.0,0.01525399005631285,0.029264582419291134,0.04591247419289751
abrupt-mild,101,calibration,reuse_racing,0.006930454110603668,0.012857319236966092,2048.0,1.0,0.75,0.0,0.0,0.018923373954185266,0.014386237987769784,0.05532586217069502
abrupt-mild,101,calibration,global_racing,0.0005017944921820172,1.2279066652354231e-13,2048.0,1.0,0.75,0.25,0.0,0.013175029286548325,0.020091244554114013,0.04889691387545603
abrupt-mild,101,calibration,driftqas_racing,0.011271245703078248,1.2279066652354231e-13,2048.0,1.0,0.75,0.25,0.0,0.016003066328202767,0.021254680967770966,0.04890440865850837
abrupt-mild,101,calibration,driftqas_racing_uniform,0.0005017944921513195,1.2279066652354231e-13,2048.0,1.0,0.75,0.5,0.0,0.013175029286548325,0.015890644239746007,0.03197827078818727
abrupt-mild,102,calibration,reuse,0.005944934063937035,0.011889442771731318,2008.0,0.98046875,0.75,0.5,0.0,0.017690905410429905,0.009474977583951794,0.018934600902042464
abrupt-mild,102,calibration,driftqas,0.013671888187807013,0.04279766966107701,2008.0,0.98046875,0.75,0.75,0.0,0.020590206584647976,0.014647112443820533,0.02807919706384565
abrupt-mild,102,calibration,ideal_only,0.005944516188932769,0.011889032377865538,408.0,0.19921875,1.0,1.0,0.0,0.02012621861164735,0.1,0.0181102901496617
abrupt-mild,102,calibration,fresh_racing,0.0070428906137717795,0.011889032377865538,2048.0,1.0,1.0,0.25,0.0,0.016396987817518718,0.026876778187403576,0.05408633660115081
abrupt-mild,102,calibration,reuse_racing,0.010015148708229227,0.011889032377871978,2048.0,1.0,1.0,0.25,0.0,0.017623351174047387,0.015349996984621153,0.038809045118400054
abrupt-mild,102,calibration,global_racing,0.010015353905158897,0.011889442771731318,2048.0,1.0,1.0,0.75,0.0,0.01733199972419927,0.01911884761616355,0.04105383748615826
abrupt-mild,102,calibration,driftqas_racing,0.004070632519293238,0.0,2048.0,1.0,1.0,0.5,0.0,0.013706114671463503,0.015586354016775227,0.035690726304782705
abrupt-mild,102,calibration,driftqas_racing_uniform,0.007946928932677177,0.011889032377871978,2048.0,1.0,1.0,0.75,0.0,0.02107453515797062,0.019840315113097157,0.03823807189306849
abrupt-mild,103,calibration,reuse,0.007356685080966041,0.011889032377912168,2018.0,0.9853515625,0.75,0.5,0.0,0.017216221086055795,0.013104413703514508,0.021710667570417674
abrupt-mild,103,calibration,driftqas,0.007356685080966041,0.011889032377912168,2018.0,0.9853515625,0.75,0.75,0.0,0.017216221086055795,0.013281993957505534,0.020933888381192645
abrupt-mild,103,calibration,ideal_only,0.023400823638682566,0.04279726089991809,408.0,0.19921875,1.0,1.0,0.0,0.02075562622007264,0.1,0.03556659759947689
abrupt-mild,103,calibration,fresh_racing,0.004977084703139678,0.0,2048.0,1.0,1.0,0.25,0.0,0.01778820095426747,0.0230398720097596,0.04410479070000284
abrupt-mild,103,calibration,reuse_racing,0.006947493124933424,0.011889921226176048,2048.0,1.0,1.0,0.25,0.0,0.019561095064900363,0.015525211950101847,0.03608273750478741
abrupt-mild,103,calibration,global_racing,0.003975012818389412,0.0,2048.0,1.0,1.0,0.25,0.0,0.017273628145639125,0.018826798944185187,0.03920457302753039
abrupt-mild,103,calibration,driftqas_racing,0.006947493124933424,0.011889921226176048,2048.0,1.0,1.0,0.5,0.0,0.019561095064900363,0.01910685990695744,0.03717274150231453
abrupt-mild,103,calibration,driftqas_racing_uniform,0.006947493124933424,0.011889921226176048,2048.0,1.0,1.0,1.0,0.0,0.019561095064900363,0.02908554465109219,0.027729373752878927
abrupt-mild,104,calibration,reuse,0.013671580355862578,0.011889032377820685,2018.0,0.9853515625,1.0,0.25,0.0,0.02144403813501774,0.010792672968729655,0.027459260467416258
abrupt-mild,104,calibration,driftqas,0.010699322261407407,0.0,2028.0,0.990234375,1.0,0.25,0.0,0.018918699803643284,0.00988071660431942,0.023684767023110675
abrupt-mild,104,calibration,ideal_only,0.005944516188910343,0.011889032377820685,408.0,0.19921875,1.0,1.0,0.0,0.020292264344553886,0.1,0.018110290149661812
abrupt-mild,104,calibration,fresh_racing,0.0029722593143781117,4.879566528614987e-09,2048.0,1.0,1.0,0.25,0.0,0.01768910683604119,0.026417767982909957,0.056383200074135054
abrupt-mild,104,calibration,reuse_racing,0.005944516188972959,0.01188903237788197,2048.0,1.0,1.0,0.0,0.0,0.019634752527445426,0.01102112181797037,0.04456476185260044
abrupt-mild,104,calibration,global_racing,0.005944516188957638,0.011889032377820685,2048.0,1.0,1.0,0.5,0.0,0.019975152973770137,0.0169122963766997,0.02947702412033043
abrupt-mild,104,calibration,driftqas_racing,0.002972258094502467,0.0,2038.0,0.9951171875,1.0,0.5,0.0,0.017449814642395683,0.014604741758754425,0.028007688443759116
abrupt-mild,104,calibration,driftqas_racing_uniform,0.005944516188972959,0.01188903237788197,2038.0,0.9951171875,1.0,0.5,0.0,0.019634752527445426,0.015404644227024766,0.03178750642492495
abrupt-mild,105,calibration,reuse,0.0,0.0,2008.0,0.98046875,0.75,0.5,0.0,0.014563961500016804,0.008966128733260574,0.023988738646486762
abrupt-mild,105,calibration,driftqas,0.0,0.0,2018.0,0.9853515625,0.75,0.5,0.0,0.014563961500016804,0.008958520342190964,0.023865506284741933
abrupt-mild,105,calibration,ideal_only,0.005944516188886806,0.011889032377773612,408.0,0.19921875,1.0,1.0,0.0,0.01900684002341462,0.1,0.01811029014966392
abrupt-mild,105,calibration,fresh_racing,0.005952633565646903,0.011892267492225495,2048.0,1.0,1.0,0.75,0.0,0.019179160725601566,0.0307595405859373,0.054352368459611944
abrupt-mild,105,calibration,reuse_racing,0.0059628178470133575,0.011907006384732188,2048.0,1.0,0.75,0.5,0.0,0.0177493106846867,0.015827742396806795,0.03392971094678887
abrupt-mild,105,calibration,global_racing,0.002987338639761805,5.0895557259789115e-06,2048.0,1.0,1.0,1.0,0.0,0.01649145125752121,0.022201738602645633,0.03180890660348129
abrupt-mild,105,calibration,driftqas_racing,0.0029860662508303104,0.0,2038.0,0.9951171875,1.0,1.0,0.0,0.016484118977252802,0.01863681206994703,0.02239180069114799
abrupt-mild,105,calibration,driftqas_racing_uniform,0.005958160519689726,0.011907006384732188,2038.0,0.9951171875,0.75,1.0,0.0,0.017421216960771604,0.020672785868741494,0.02564155143463387
abrupt-mild,106,calibration,reuse,0.006946502155639633,0.0118890328161958,2028.0,0.990234375,1.0,0.25,0.0,0.020436366452865656,0.010974046777729389,0.026722640699954003
abrupt-mild,106,calibration,driftqas,0.006946501936456628,0.011889032377829789,2018.0,0.9853515625,1.0,0.5,0.0,0.022659702863942456,0.01187807359981158,0.023481975532012533
abrupt-mild,106,calibration,ideal_only,0.0059445161889148945,0.011889032377829789,408.0,0.19921875,1.0,1.0,0.0,0.020554223896392762,0.1,0.01811029014966259
abrupt-mild,106,calibration,fresh_racing,0.0010019857475417338,0.0,2048.0,1.0,0.75,0.75,0.0,0.01657230054276055,0.030687494178888865,0.043747620648285135
abrupt-mild,106,calibration,reuse_racing,0.006946502155639633,0.0118890328161958,2048.0,1.0,1.0,0.5,0.0,0.020436366452865656,0.015035671611848784,0.0323910048937211
abrupt-mild,106,calibration,global_racing,0.003974243842002068,1.1546319456101628e-14,2048.0,1.0,1.0,1.0,0.0,0.01896381073215928,0.019126938729358903,0.02603045384751712
abrupt-mild,106,calibration,driftqas_racing,0.003974243842002068,0.011889032377829789,2048.0,1.0,1.0,1.0,0.0,0.020285315219343868,0.01808189013547401,0.02686076522572456
abrupt-mild,106,calibration,driftqas_racing_uniform,0.003974243842002068,1.1546319456101628e-14,2048.0,1.0,1.0,1.0,0.0,0.01896381073215928,0.01878171893310719,0.015875048924954505
abrupt-mild,107,calibration,reuse,0.007297620042314601,0.011889032377781827,2008.0,0.98046875,0.75,0.25,0.0,0.017635307787333552,0.009889778508527784,0.021293670769584383
abrupt-mild,107,calibration,driftqas,0.004325361948107176,9.521272659185342e-13,2018.0,0.9853515625,0.75,0.5,0.0,0.015483856140304094,0.008450843638987402,0.015275666241240382
abrupt-mild,107,calibration,ideal_only,0.005944516188890914,0.011889032377781827,408.0,0.19921875,0.75,1.0,0.0,0.018453224236178734,0.1,0.018110290149663588
abrupt-mild,107,calibration,fresh_racing,0.005300509293403588,0.011890794762770218,2048.0,1.0,0.5,0.5,0.0,0.014452510071674416,0.031123994659748886,0.04946040671116719
abrupt-mild,107,calibration,reuse_racing,0.023069857209740197,9.521272659185342e-13,2048.0,1.0,0.75,0.5,0.0,0.01735825191686141,0.01594276033124026,0.04131878444010395
abrupt-mild,107,calibration,global_racing,0.004655621205172378,0.0,2048.0,1.0,0.75,0.75,0.0,0.01444069752429406,0.01766652885039642,0.018292847783086208
abrupt-mild,107,calibration,driftqas_racing,0.004655621205172378,0.0,2048.0,1.0,0.75,0.75,0.0,0.01444069752429406,0.017210501216988614,0.02169834658405656
abrupt-mild,107,calibration,driftqas_racing_uniform,0.004970266099499243,9.521272659185342e-13,2048.0,1.0,1.0,1.0,0.0,0.018847338635872544,0.028410186058901152,0.014265716575503073
abrupt-mild,108,calibration,reuse,0.005944516188927995,0.01188903237785599,2008.0,0.98046875,1.0,0.25,0.0,0.018465737987219018,0.010166020040881506,0.031530365308345853
abrupt-mild,108,calibration,driftqas,0.005944516189375748,0.011889032379647002,2008.0,0.98046875,1.0,0.5,0.0,0.019425392924967595,0.01205013370101789,0.03136450775843019
abrupt-mild,108,calibration,ideal_only,0.005944516188927995,0.01188903237785599,408.0,0.19921875,1.0,1.0,0.0,0.018465737987219018,0.1,0.018110290149661146
abrupt-mild,108,calibration,fresh_racing,0.0070494729058864225,0.01188903237785599,2048.0,1.0,1.0,0.75,0.0,0.019935752071051617,0.02448481324933949,0.04888624869818459
abrupt-mild,108,calibration,reuse_racing,0.005944516188927995,0.01188903237785599,2048.0,1.0,1.0,0.25,0.0,0.018465737987219018,0.011952577956346353,0.03780204659432096
abrupt-mild,108,calibration,global_racing,0.013678865423698339,0.011889032379647002,2048.0,1.0,0.75,0.75,0.0,0.019278383130027374,0.020837266962250744,0.035288332805108125
abrupt-mild,108,calibration,driftqas_racing,0.013678865423698339,0.011889032379647002,2048.0,1.0,0.75,0.75,0.0,0.019278383130027374,0.020837266962250744,0.035288332805108125
abrupt-mild,108,calibration,driftqas_racing_uniform,4.873879078104437e-14,9.747758156208874e-14,2048.0,1.0,0.75,0.5,0.0,0.01529097297547755,0.01240078030249973,0.023616022559507954
abrupt-mild,109,calibration,reuse,0.006061138861602089,0.01200356717658635,2018.0,0.9853515625,1.0,0.0,0.0,0.01884202851491924,0.009986793862271727,0.0364158538653952
abrupt-mild,109,calibration,driftqas,0.006061138861602089,0.01200356717658635,2018.0,0.9853515625,1.0,0.0,0.0,0.01884202851491924,0.009998112471960257,0.03618933322022355
abrupt-mild,109,calibration,ideal_only,0.0059445161889196685,0.011889032377839337,408.0,0.19921875,1.0,1.0,0.0,0.019383831482867216,0.1,0.01811029014966281
abrupt-mild,109,calibration,fresh_racing,0.015695921249747946,0.04279799687691033,2048.0,1.0,1.0,0.25,0.0,0.023105096861421856,0.02290481451375214,0.06266188310894161
abrupt-mild,109,calibration,reuse_racing,0.007032755474390584,0.01200356717658635,2048.0,1.0,1.0,0.25,0.0,0.018610062154547326,0.011039771997683155,0.027916988455430725
abrupt-mild,109,calibration,global_racing,0.006975488075017078,0.011889032377839337,2048.0,1.0,1.0,0.75,0.0,0.01993772027660661,0.018816000829301627,0.022412759097620416
abrupt-mild,109,calibration,driftqas_racing,0.007032755474390584,0.01200356717658635,2048.0,1.0,1.0,0.25,0.0,0.018610062154547326,0.012498635860852626,0.028535786839529564
abrupt-mild,109,calibration,driftqas_racing_uniform,9.63682612398209e-06,1.927365224796418e-05,2048.0,1.0,0.75,0.25,0.0,0.014333069708001172,0.012986362037546318,0.03075974300744394
abrupt-mild,110,calibration,reuse,0.005964877840752503,0.011889032378090914,2008.0,0.98046875,0.75,0.25,0.0,0.01785440962447709,0.009696134218800306,0.02230834110808083
abrupt-mild,110,calibration,driftqas,0.005984523253454943,0.011967614028900675,2018.0,0.9853515625,1.0,0.75,0.0,0.020422738796127642,0.011887783668798788,0.02127906003551827
abrupt-mild,110,calibration,ideal_only,0.005944516189045457,0.011889032378090914,408.0,0.19921875,0.75,1.0,0.0,0.016729040621154375,0.1,0.018110290149656816
abrupt-mild,110,calibration,fresh_racing,0.0029926197462297743,0.0,2048.0,1.0,1.0,0.75,0.0,0.01669367814495885,0.028287044927151162,0.04359108683317037
abrupt-mild,110,calibration,reuse_racing,0.0070632522654766605,2.8199664825478976e-14,2048.0,1.0,1.0,0.75,0.0,0.016032683349958908,0.016857328418662772,0.021421051283137815
abrupt-mild,110,calibration,global_racing,0.004090994170946882,0.0,2048.0,1.0,1.0,1.0,0.0,0.013782263655252987,0.022344025905016555,0.026759782485571704
abrupt-mild,110,calibration,driftqas_racing,0.004090994170960982,2.8199664825478976e-14,2038.0,0.9951171875,0.75,0.75,0.0,0.013754618557850411,0.015687984725875254,0.0194491173261111
abrupt-mild,110,calibration,driftqas_racing_uniform,0.002036594311644546,0.0,2038.0,0.9951171875,1.0,0.75,0.0,0.015598456598928999,0.014014288056111296,0.022647096508130793
abrupt-mild,111,calibration,reuse,0.005944516188912341,0.011889032377824682,2018.0,0.9853515625,1.0,0.75,0.0,0.01861043655012212,0.011644266924806444,0.016922300926629108
abrupt-mild,111,calibration,driftqas,7.216449660063518e-15,1.4432899320127035e-14,2018.0,0.9853515625,1.0,0.75,0.0,0.014404566144289558,0.007664257507121347,0.009689510806864587
abrupt-mild,111,calibration,ideal_only,0.005944516188912341,0.011889032377824682,408.0,0.19921875,1.0,1.0,0.0,0.01861043655012212,0.1,0.018110290149663366
abrupt-mild,111,calibration,fresh_racing,0.010016028236719154,0.011890791434827408,2048.0,1.0,0.75,0.5,0.0,0.019220942271712813,0.029554791232375144,0.05634490662880631
abrupt-mild,111,calibration,reuse_racing,0.0,0.0,2048.0,1.0,1.0,1.0,0.0,0.014405634791141084,0.014869232612510271,0.010006864282419592
abrupt-mild,111,calibration,global_racing,3.608224830031759e-15,1.4432899320127035e-14,2048.0,1.0,1.0,1.0,0.0,0.014403803045388153,0.021425861675167482,0.01897127068198906
abrupt-mild,111,calibration,driftqas_racing,0.010812848575771916,1.4432899320127035e-14,2048.0,1.0,1.0,1.0,0.0,0.017419317625556627,0.023180939396732655,0.023307667854874203
abrupt-mild,111,calibration,driftqas_racing_uniform,0.0010011814861122792,1.4432899320127035e-14,2048.0,1.0,0.75,1.0,0.0,0.013801780113806979,0.014503495737980036,0.013543443031471813
abrupt-mild,112,calibration,reuse,0.0069458150635406946,0.01188984138776683,2008.0,0.98046875,0.75,0.0,0.0,0.0189593747709706,0.011562649675191118,0.02888748767731597
abrupt-mild,112,calibration,driftqas,0.006949873478312385,0.01188984138776683,2008.0,0.98046875,0.75,0.25,0.0,0.02088080344146037,0.011699591157155728,0.02563305393775228
abrupt-mild,112,calibration,ideal_only,0.005944516188988946,0.011889032377977893,408.0,0.19921875,0.75,1.0,0.0,0.018186333530313202,0.1,0.01811029014965937
abrupt-mild,112,calibration,fresh_racing,4.213854793322369e-06,1.4953965843389483e-08,2048.0,1.0,1.0,0.75,0.0,0.01660586160154591,0.027959695600922117,0.03655726304868745
abrupt-mild,112,calibration,reuse_racing,0.005945130320117842,0.01188984138776683,2048.0,1.0,1.0,0.25,0.0,0.019627949092642823,0.0156122991201199,0.03409150622605106
abrupt-mild,112,calibration,global_racing,0.002972669973176134,0.0,2048.0,1.0,1.0,0.75,0.0,0.01708603171458369,0.022024357897258977,0.0341124056919625
abrupt-mild,112,calibration,driftqas_racing,0.002972669973176134,0.0,2048.0,1.0,1.0,0.5,0.0,0.01708603171458369,0.01752250016963368,0.030910107081555505
abrupt-mild,112,calibration,driftqas_racing_uniform,0.002972673711667595,1.4953965843389483e-08,2048.0,1.0,1.0,0.75,0.0,0.017092784600466385,0.01669233284832622,0.021907230131177846
abrupt-mild,113,calibration,reuse,0.004537303727743358,0.01188904538687563,2018.0,0.9853515625,1.0,0.75,0.0,0.018826307086432584,0.015605722757106363,0.025347413853996692
abrupt-mild,113,calibration,driftqas,0.004537303727743358,0.01188904538687563,2018.0,0.9853515625,1.0,0.5,0.0,0.018826307086432584,0.012228017576299443,0.02343263912753285
abrupt-mild,113,calibration,ideal_only,0.005944516188882476,0.011889032377764952,408.0,0.19921875,0.5,1.0,0.0,0.01962015589074114,0.1,0.01811029014966392
abrupt-mild,113,calibration,fresh_racing,3.370851431316879e-09,4.218847493575595e-15,2048.0,1.0,0.75,0.5,0.0,0.014025944855156083,0.026900673725861933,0.045912629359566914
abrupt-mild,113,calibration,reuse_racing,0.005944516188882476,0.011889032377764952,2048.0,1.0,0.5,0.25,0.0,0.01962015589074114,0.011774559085419061,0.03407089411478226
abrupt-mild,113,calibration,global_racing,0.002972261346719962,4.218847493575595e-15,2048.0,1.0,0.5,0.75,0.0,0.01512258638113215,0.017255748576922657,0.034734897924255104
abrupt-mild,113,calibration,driftqas_racing,4.218847493575595e-15,1.2656542480726785e-14,2038.0,0.9951171875,0.75,0.75,0.0,0.014554967011040115,0.013194151336804424,0.02169242580517955
abrupt-mild,113,calibration,driftqas_racing_uniform,0.0015650423810297243,1.2656542480726785e-14,2038.0,0.9951171875,1.0,0.75,0.0,0.01629712485430213,0.014194186745314915,0.02043032713140691
abrupt-mild,114,calibration,reuse,0.005956085251072107,0.011935307868531586,2018.0,0.9853515625,1.0,0.25,0.0,0.019611613665032782,0.010907212120362626,0.026051856820558716
abrupt-mild,114,calibration,driftqas,0.005944516440080538,0.01188903262456531,2018.0,0.9853515625,1.0,0.5,0.0,0.020295146738699105,0.011030682246822736,0.023985144570762063
abrupt-mild,114,calibration,ideal_only,0.005944516188980176,0.011889032377960351,408.0,0.19921875,1.0,1.0,0.0,0.02067238337238353,0.1,0.018110290149659702
abrupt-mild,114,calibration,fresh_racing,0.011331481774803365,0.044630789555886397,2048.0,1.0,1.0,0.5,0.0,0.019172814188840818,0.030533639980509255,0.06255826666549835
abrupt-mild,114,calibration,reuse_racing,0.007112414389946753,0.01188903262456531,2048.0,1.0,1.0,0.25,0.0,0.021526336914942774,0.015602414938935147,0.03230646293926698
abrupt-mild,114,calibration,global_racing,0.007268516822887594,0.01188903262456531,2048.0,1.0,1.0,0.5,0.0,0.021845577045274938,0.02403533735806002,0.043764112650771514
abrupt-mild,114,calibration,driftqas_racing,0.007268516822887594,0.01188903262456531,2048.0,1.0,1.0,0.5,0.0,0.021845577045274938,0.023549609109965525,0.04254202857408179
abrupt-mild,114,calibration,driftqas_racing_uniform,0.006273981351488045,0.012513442356328675,2048.0,1.0,1.0,0.75,0.0,0.021117076704700116,0.03050586024403926,0.036586001722935635
abrupt-mild,115,calibration,reuse,0.016980912283378946,0.012129691755505156,2008.0,0.98046875,1.0,0.25,0.0,0.018136425578947808,0.013782143118420753,0.03193281724081026
abrupt-mild,115,calibration,driftqas,0.0031932904197932155,2.2680273938924245e-06,2008.0,0.98046875,1.0,0.75,0.0,0.0139737996519145,0.011086268369759697,0.014171065361962998
abrupt-mild,115,calibration,ideal_only,0.00594451618913705,0.0118890323782741,408.0,0.19921875,1.0,1.0,0.0,0.021453594634457028,0.1,0.018110290149652042
abrupt-mild,115,calibration,fresh_racing,0.007103055458061114,0.012129691755505156,2048.0,1.0,0.75,1.0,0.0,0.016979203542392168,0.028924622316748333,0.03017381256604018
abrupt-mild,115,calibration,reuse_racing,0.011113523132938175,0.0,2048.0,1.0,0.5,0.5,0.0,0.015546012644079328,0.016359277067184357,0.024542515007863364
abrupt-mild,115,calibration,global_racing,0.00814126503836965,0.0,2048.0,1.0,0.5,0.5,0.0,0.012613628290577432,0.021456450914094895,0.020351705982477042
abrupt-mild,115,calibration,driftqas_racing,0.00814126503836965,0.0,2038.0,0.9951171875,0.5,0.5,0.0,0.012613628290577432,0.014910175148661543,0.019496014690877028
abrupt-mild,115,calibration,driftqas_racing_uniform,0.0021252622824842193,0.0,2038.0,0.9951171875,0.75,1.0,0.0,0.015084519160571587,0.019585291421466887,0.010924927205321844
abrupt-mild,116,calibration,reuse,0.006021473917649289,0.0119646123466981,2018.0,0.9853515625,1.0,0.0,0.0,0.02054215991120229,0.009955200554776413,0.035845005868815116
abrupt-mild,116,calibration,driftqas,0.006021473917649289,0.0119646123466981,2018.0,0.9853515625,1.0,0.0,0.0,0.02054215991120229,0.009998847300466518,0.03519024711194668
abrupt-mild,116,calibration,ideal_only,0.005944516188898685,0.01188903237779737,408.0,0.19921875,0.75,1.0,0.0,0.015461408144104287,0.1,0.018110290149663477
abrupt-mild,116,calibration,fresh_racing,0.013724815281656366,0.0119646123466981,2048.0,1.0,0.75,0.75,0.0,0.019668633428916952,0.03109442228817296,0.056470450182354914
abrupt-mild,116,calibration,reuse_racing,0.038251351721601656,0.07246916028508954,2048.0,1.0,1.0,0.5,0.0,0.021844125696329958,0.016237243604132118,0.0563231766720268
abrupt-mild,116,calibration,global_racing,0.008012999369504725,0.012020298815093255,2048.0,1.0,1.0,1.0,0.0,0.0203886031373999,0.019716187534734312,0.028898884030316152
abrupt-mild,116,calibration,driftqas_racing,0.004989029673506229,0.0,2048.0,1.0,1.0,1.0,0.0,0.017020684713188926,0.01831617273870384,0.0271453490832837
abrupt-mild,116,calibration,driftqas_racing_uniform,0.008012999369504725,0.012020298815093255,2048.0,1.0,1.0,1.0,0.0,0.0203886031373999,0.018172997159789466,0.022342756088043647
abrupt-mild,117,calibration,reuse,0.005944516188862603,0.011889032377725206,2028.0,0.990234375,1.0,0.75,0.0,0.020042536724183477,0.008261580712665863,0.00912038256743164
abrupt-mild,117,calibration,driftqas,0.005944516188862603,0.011889032377725206,2018.0,0.9853515625,1.0,0.75,0.0,0.020042536724183477,0.008425809817350157,0.008164233698566614
abrupt-mild,117,calibration,ideal_only,0.005944516188862603,0.011889032377725206,408.0,0.19921875,1.0,1.0,0.0,0.020042536724183477,0.1,0.0181102901496617
abrupt-mild,117,calibration,fresh_racing,0.0029722580944454013,0.0,2048.0,1.0,1.0,0.75,0.0,0.018668765854511438,0.02730566712244796,0.05392980012831072
abrupt-mild,117,calibration,reuse_racing,0.005957010140183572,0.011889032377752073,2048.0,1.0,1.0,0.75,0.0,0.01858823434693169,0.01570164251822975,0.02802709091094846
abrupt-mild,117,calibration,global_racing,0.0029847520457455534,0.0,2048.0,1.0,1.0,1.0,0.0,0.016599806431578063,0.02249649540014902,0.023742992630283455
abrupt-mild,117,calibration,driftqas_racing,0.005957010140183572,0.011889032377752073,2048.0,1.0,1.0,1.0,0.0,0.01858823434693169,0.02310333365949751,0.024190641184679118
abrupt-mild,117,calibration,driftqas_racing_uniform,0.00595691672583637,0.011913572926584015,2048.0,1.0,1.0,1.0,0.0,0.020437445845975823,0.022518302259710746,0.020406786035252977
abrupt-mild,118,calibration,reuse,0.010003541928099047,0.011889032405979716,2008.0,0.98046875,1.0,0.25,0.0,0.02119794079726406,0.010033337401082169,0.020779490370176124
abrupt-mild,118,calibration,driftqas,0.010003541928099047,0.011889032405979716,2008.0,0.98046875,1.0,0.25,0.0,0.02119794079726406,0.010067915926975502,0.0210293005292973
abrupt-mild,118,calibration,ideal_only,0.005944516188968851,0.011889032377937703,408.0,0.19921875,1.0,1.0,0.0,0.019937377204098394,0.1,0.018110290149660924
abrupt-mild,118,calibration,fresh_racing,0.025167083301631865,0.07248117860140368,2048.0,1.0,1.0,0.75,0.0,0.020301145306930952,0.02885233172818575,0.05211822627649454
abrupt-mild,118,calibration,reuse_racing,0.008141265038544954,0.0,2048.0,1.0,0.75,1.0,0.0,0.012654468131890879,0.014947244317843496,0.014996760386946806
abrupt-mild,118,calibration,global_racing,0.01111352313302938,0.0,2048.0,1.0,0.75,1.0,0.0,0.014970802162912555,0.02154628612922676,0.02634999168242841
abrupt-mild,118,calibration,driftqas_racing,0.011113523140039883,0.0,2048.0,1.0,0.75,1.0,0.0,0.015188202635179442,0.018133051402281154,0.019793768123210043
abrupt-mild,118,calibration,driftqas_racing_uniform,0.008927836148409751,0.0,2048.0,1.0,0.75,1.0,0.0,0.01744622403199938,0.02078386433397881,0.02019121437427085
abrupt-mild,119,calibration,reuse,0.006994703476960684,0.01205829438781425,2008.0,0.98046875,1.0,0.25,0.0,0.021241663070079103,0.010549194556122958,0.027861931686910535
abrupt-mild,119,calibration,driftqas,0.006994703476960684,0.01205829438781425,2008.0,0.98046875,1.0,0.25,0.0,0.021241663070079103,0.010626764054087811,0.027930756434422777
abrupt-mild,119,calibration,ideal_only,0.005944516188912563,0.011889032377825126,408.0,0.19921875,1.0,1.0,0.0,0.02041754839490009,0.1,0.018110290149662922
abrupt-mild,119,calibration,fresh_racing,0.010743339286727438,0.042797260910562906,2048.0,1.0,1.0,0.75,0.0,0.0185787641092946,0.026096119510962114,0.04856546738756162
abrupt-mild,119,calibration,reuse_racing,0.003973680467184493,0.0,2048.0,1.0,1.0,0.5,0.0,0.01813927387683938,0.016244159821332774,0.027604185879473886
abrupt-mild,119,calibration,global_racing,0.003976847442279052,0.0,2048.0,1.0,1.0,0.5,0.0,0.018245694708615725,0.022238189217660877,0.044266817876829345
abrupt-mild,119,calibration,driftqas_racing,0.006991421039232615,0.01205829438781425,2048.0,1.0,1.0,0.5,0.0,0.021022220067405815,0.022156616962215086,0.04106343435673043
abrupt-mild,119,calibration,driftqas_racing_uniform,0.003973680467184493,0.0,2048.0,1.0,1.0,0.5,0.0,0.01813927387683938,0.02106438125835542,0.04301273870565703
abrupt-mild,120,calibration,reuse,0.0020021931970443108,0.0,2038.0,0.9951171875,1.0,0.5,0.0,0.01552480747174256,0.009194396669334226,0.025309670771501536
abrupt-mild,120,calibration,driftqas,0.0020021931970443108,0.0,2028.0,0.990234375,1.0,0.5,0.0,0.01552480747174256,0.009230993496065718,0.025574698066396118
abrupt-mild,120,calibration,ideal_only,0.005944516188921778,0.011889032377843556,408.0,0.19921875,0.75,1.0,0.0,0.018646548824339942,0.1,0.018110290149662256
abrupt-mild,120,calibration,fresh_racing,0.003973354692988262,0.011889032377843556,2048.0,1.0,1.0,0.75,0.0,0.018120682565029102,0.020717229767253605,0.02896305405285271
abrupt-mild,120,calibration,reuse_racing,0.014881463899481084,0.01188903237786354,2048.0,1.0,1.0,0.25,0.0,0.022749932121931184,0.01574094808980722,0.043484196435940814
abrupt-mild,120,calibration,global_racing,0.0010023486530871262,3.6637359812630166e-14,2048.0,1.0,1.0,0.5,0.0,0.016199924260578608,0.021135397648845262,0.0357154372266163
abrupt-mild,120,calibration,driftqas_racing,0.003974606747538856,0.011889032377843556,2038.0,0.9951171875,1.0,0.75,0.0,0.01813460316785125,0.018558026083985577,0.02989626509372384
abrupt-mild,120,calibration,driftqas_racing_uniform,0.00122539266810745,0.0,2038.0,0.9951171875,1.0,1.0,0.0,0.01772077749648762,0.01747483450536051,0.019991428232910224
abrupt-stress,101,calibration,reuse,0.00025089724606031094,0.0,2008.0,0.98046875,0.75,0.5,0.0,0.013807533092544434,0.008560919973170437,0.011950997849546008
abrupt-stress,101,calibration,driftqas,0.00025089724606031094,0.0,2018.0,0.9853515625,0.75,0.5,0.0,0.013807533092544434,0.00865424503348267,0.011952893290597455
abrupt-stress,101,calibration,ideal_only,0.0381405875660793,0.0762811751321586,408.0,0.19921875,0.75,1.0,0.0,0.02106820433900079,0.1,0.05030636152684376
abrupt-stress,101,calibration,fresh_racing,0.0005000110253446377,0.0,2048.0,1.0,0.5,0.5,0.0,0.015194886512624788,0.029216746203079742,0.04873952418952199
abrupt-stress,101,calibration,reuse_racing,0.019793987347083597,1.2279066652354231e-13,2048.0,1.0,0.75,0.25,0.0,0.016945419861241946,0.014376802770201438,0.06242381705326616
abrupt-stress,101,calibration,global_racing,0.0005017944921206219,0.0,2048.0,1.0,0.75,0.5,0.0,0.013153000509725137,0.0194338810295918,0.04259171861870226
abrupt-stress,101,calibration,driftqas_racing,0.0005017944921820172,1.2279066652354231e-13,1766.0,0.8623046875,0.5,0.25,0.0,0.01311409399710733,0.01554556679509842,0.03745149481106458
abrupt-stress,101,calibration,driftqas_racing_uniform,0.0005017944921206219,0.0,2048.0,1.0,0.75,0.5,0.0,0.013153000509725137,0.015608348463881684,0.03259269679481536
abrupt-stress,102,calibration,reuse,2.1267809569014418e-07,4.8627768478581856e-14,2018.0,0.9853515625,0.75,0.75,0.0,0.014044957744547736,0.008175265606548824,0.011174089674893195
abrupt-stress,102,calibration,driftqas,2.1267809569014418e-07,4.8627768478581856e-14,2018.0,0.9853515625,0.75,0.75,0.0,0.014044957744547736,0.008237054392844776,0.011020648203094452
abrupt-stress,102,calibration,ideal_only,0.03814058756610983,0.07628117513221966,408.0,0.19921875,1.0,1.0,0.0,0.024524785877127267,0.1,0.05030636152683876
abrupt-stress,102,calibration,fresh_racing,0.004070632519305395,0.0,2048.0,1.0,1.0,0.5,0.0,0.013671368356593548,0.024295652531389204,0.035632614239432425
abrupt-stress,102,calibration,reuse_racing,0.004070632519293238,0.0,2048.0,1.0,1.0,0.75,0.0,0.013687917936167405,0.014697791424012807,0.031806167898684345
abrupt-stress,102,calibration,global_racing,0.004070632519305395,0.0,2048.0,1.0,1.0,0.75,0.0,0.013671368356593548,0.015912207704554943,0.030169242592838152
abrupt-stress,102,calibration,driftqas_racing,0.004070632519293238,0.0,2048.0,1.0,1.0,0.75,0.0,0.013687917936167405,0.014508724912339758,0.03012133030597458
abrupt-stress,102,calibration,driftqas_racing_uniform,0.0020024127437427985,0.0,2048.0,1.0,1.0,0.75,0.0,0.016292560519454144,0.013380488826915928,0.02231675621210627
abrupt-stress,103,calibration,reuse,0.0014119466799439873,0.0,2018.0,0.9853515625,1.0,1.0,0.0,0.014335066290872875,0.010820325604605927,0.009967198129150034
abrupt-stress,103,calibration,driftqas,0.0014119466799439873,0.0,2018.0,0.9853515625,1.0,1.0,0.0,0.014335066290872875,0.010825708004735835,0.009937595569460334
abrupt-stress,103,calibration,ideal_only,0.08264159497268997,0.1612788035679329,408.0,0.19921875,1.0,1.0,0.0,0.02593021321249863,0.1,0.09480736893348429
abrupt-stress,103,calibration,fresh_racing,0.002004604396595666,0.0,2048.0,1.0,1.0,0.5,0.0,0.015412540559200029,0.020046734429563784,0.03135879469082847
abrupt-stress,103,calibration,reuse_racing,0.02007302998930449,0.0,2048.0,1.0,1.0,0.5,0.0,0.018685500094056097,0.015784000208420124,0.04542267481212425
abrupt-stress,103,calibration,global_racing,0.0010025325118453998,0.0,1958.0,0.9560546875,1.0,0.75,0.0,0.01489796775057168,0.021693895026709167,0.022477995171126253
abrupt-stress,103,calibration,driftqas_racing,0.0010025325118453998,0.0,2048.0,1.0,1.0,0.75,0.0,0.01489796775057168,0.01656491650976149,0.024468145695839216
abrupt-stress,103,calibration,driftqas_racing_uniform,0.02007302998930449,0.0,2048.0,1.0,1.0,1.0,0.0,0.018685500094056097,0.02804205297209684,0.030372470779937044
abrupt-stress,104,calibration,reuse,0.019070295517629676,0.07628117719095218,2018.0,0.9853515625,1.0,0.25,0.0,0.019536756184627017,0.012585649185600099,0.03069641315705257
abrupt-stress,104,calibration,driftqas,1.2198923537987127e-09,2.886579864025407e-15,2028.0,0.990234375,1.0,0.5,0.0,0.015290114655364725,0.008346576780443142,0.01084906976931943
abrupt-stress,104,calibration,ideal_only,0.03814058756608796,0.07628117513217592,408.0,0.19921875,1.0,1.0,0.0,0.022762701966573515,0.1,0.05030636152683943
abrupt-stress,104,calibration,fresh_racing,1.2199076193653013e-09,0.0,2048.0,1.0,0.75,0.75,0.0,0.015154866170821284,0.023088149497762125,0.02514044201337845
abrupt-stress,104,calibration,reuse_racing,0.019070293783090053,0.0,2048.0,1.0,0.75,0.0,0.0,0.018856521217949472,0.010903065347509257,0.055086853221462784
abrupt-stress,104,calibration,global_racing,1.219923606576856e-09,0.0,2048.0,1.0,0.75,0.25,0.0,0.014915573977175776,0.011958859033639411,0.029729686867373484
abrupt-stress,104,calibration,driftqas_racing,3.269606807521086e-14,0.0,2038.0,0.9951171875,0.75,0.5,0.0,0.01490594687569637,0.011733657565963222,0.02411207313479996
abrupt-stress,104,calibration,driftqas_racing_uniform,3.197442310920451e-14,0.0,2038.0,0.9951171875,0.75,0.5,0.0,0.01491190995640402,0.010997587629574559,0.02253541211634902
abrupt-stress,105,calibration,reuse,1.2723889449839376e-06,5.0895557259789115e-06,2008.0,0.98046875,1.0,0.5,0.0,0.014585674356280387,0.009436531412717022,0.023686417063541354
abrupt-stress,105,calibration,driftqas,1.2723889449839376e-06,5.0895557259789115e-06,2008.0,0.98046875,1.0,0.5,0.0,0.014585674356280387,0.009574464366989357,0.02292958281603541
abrupt-stress,105,calibration,ideal_only,0.03814058756606731,0.07628117513213462,408.0,0.19921875,1.0,1.0,0.0,0.020813721848182313,0.1,0.05030636152684442
abrupt-stress,105,calibration,fresh_racing,6.499819534155904e-06,0.0,2048.0,1.0,1.0,1.0,0.0,0.013908938494666997,0.02383066075484823,0.025224424741144558
abrupt-stress,105,calibration,reuse_racing,9.314654647263332e-06,0.0,2048.0,1.0,1.0,1.0,0.0,0.014230443992389045,0.015344705828058192,0.018069705314115503
abrupt-stress,105,calibration,global_racing,9.314654674241751e-06,5.395683899678261e-14,2048.0,1.0,1.0,1.0,0.0,0.014252665978691799,0.02084171595294406,0.026395270313605945
abrupt-stress,105,calibration,driftqas_racing,9.314654647263332e-06,0.0,2038.0,0.9951171875,1.0,1.0,0.0,0.014230443992389045,0.014960324193977402,0.01793892920888479
abrupt-stress,105,calibration,driftqas_racing_uniform,5.929716255126394e-06,5.0895557259789115e-06,2038.0,0.9951171875,1.0,1.0,0.0,0.013912946473165553,0.016942862887504503,0.01763568272944166
abrupt-stress,106,calibration,reuse,0.0010019857475417338,0.0,2018.0,0.9853515625,0.75,0.5,0.0,0.01657876667062105,0.00906190331696754,0.017358774839952795
abrupt-stress,106,calibration,driftqas,0.0010019857475417338,0.0,2028.0,0.990234375,0.75,0.5,0.0,0.01657876667062105,0.009102976272304053,0.016743056452286298
abrupt-stress,106,calibration,ideal_only,0.03814058756609251,0.07628117513218502,408.0,0.19921875,1.0,1.0,0.0,0.02215932460964821,0.1,0.050306361526840204
abrupt-stress,106,calibration,fresh_racing,0.0010019857475446203,0.0,2048.0,1.0,0.75,0.5,0.0,0.01655771824611754,0.022728279589880687,0.05244416492363135
abrupt-stress,106,calibration,reuse_racing,0.020072279631046963,0.0,2048.0,1.0,1.0,0.75,0.0,0.020097613866711803,0.014868505268917266,0.043128950794839804
abrupt-stress,106,calibration,global_racing,0.0010019857475417338,0.0,2048.0,1.0,0.75,1.0,0.0,0.01657876667062105,0.015722361698375202,0.022492972632409347
abrupt-stress,106,calibration,driftqas_racing,0.0010019857475446203,0.0,2048.0,1.0,0.75,1.0,0.0,0.01655771824611754,0.015660018999807138,0.023034690995988538
abrupt-stress,106,calibration,driftqas_racing_uniform,0.0010019857475446203,0.0,2048.0,1.0,0.75,1.0,0.0,0.01655771824611754,0.01597342063905024,0.009225654369801162
abrupt-stress,107,calibration,reuse,0.004325361947869144,9.521272659185342e-13,2018.0,0.9853515625,0.75,0.5,0.0,0.015502829654847818,0.008709039429751661,0.015148185436712036
abrupt-stress,107,calibration,driftqas,0.004325361947869144,9.521272659185342e-13,2018.0,0.9853515625,0.75,0.5,0.0,0.015502829654847818,0.008715553341329894,0.015064728413627548
abrupt-stress,107,calibration,ideal_only,0.03814058756607164,0.07628117513214328,408.0,0.19921875,0.75,1.0,0.0,0.021145859984509664,0.1,0.05030636152684431
abrupt-stress,107,calibration,fresh_racing,0.0023278106027110335,9.521272659185342e-13,2048.0,1.0,0.75,0.75,0.0,0.013760858954943282,0.021732730788810772,0.032634425517761634
abrupt-stress,107,calibration,reuse_racing,0.00465562120541041,9.521272659185342e-13,2048.0,1.0,0.75,0.75,0.0,0.01446471380206018,0.015452737391162282,0.018198478953580288
abrupt-stress,107,calibration,global_racing,0.004655621205172378,9.521272659185342e-13,2048.0,1.0,0.75,0.75,0.0,0.01446471380206018,0.0157621542940754,0.022162072240618558
abrupt-stress,107,calibration,driftqas_racing,0.00465562120541041,9.521272659185342e-13,2048.0,1.0,0.75,0.75,0.0,0.01446471380206018,0.015235500774095204,0.018180239921343988
abrupt-stress,107,calibration,driftqas_racing_uniform,0.001998008005291818,9.521272659185342e-13,2048.0,1.0,1.0,1.0,0.0,0.016123817016395023,0.015736321528537156,0.013707915214238364
abrupt-stress,108,calibration,reuse,0.0,0.0,2008.0,0.98046875,1.0,0.5,0.0,0.015336445137615323,0.00822364454380481,0.022609094242346306
abrupt-stress,108,calibration,driftqas,0.0,0.0,2018.0,0.9853515625,1.0,0.5,0.0,0.015336445137615323,0.008331306930933209,0.023621825886930015
abrupt-stress,108,calibration,ideal_only,0.038140587566105166,0.07628117513221033,408.0,0.19921875,1.0,1.0,0.0,0.02284966787535444,0.1,0.05030636152683832
abrupt-stress,108,calibration,fresh_racing,0.001097418740140521,9.747758156208874e-14,2048.0,1.0,1.0,1.0,0.0,0.015771967254120764,0.021126615125330955,0.023144844556038435
abrupt-stress,108,calibration,reuse_racing,0.019070293783052583,0.0,2048.0,1.0,1.0,0.5,0.0,0.01823662137749935,0.01190957900264726,0.04502838053504643
abrupt-stress,108,calibration,global_racing,0.0,0.0,2048.0,1.0,1.0,0.75,0.0,0.015336445137615323,0.012976655118443372,0.021976714089307903
abrupt-stress,108,calibration,driftqas_racing,0.0,0.0,2048.0,1.0,1.0,0.75,0.0,0.015336445137615323,0.013127291675032538,0.021626485394933115
abrupt-stress,108,calibration,driftqas_racing_uniform,4.873879078104437e-14,9.747758156208874e-14,2048.0,1.0,1.0,0.75,0.0,0.015335376843183583,0.012412605664343514,0.02049017866079661
abrupt-stress,109,calibration,reuse,6.89920994328963e-05,1.927365224796418e-05,2018.0,0.9853515625,1.0,0.25,0.0,0.015130413202562754,0.008418545138014967,0.016699240436122975
abrupt-stress,109,calibration,driftqas,6.89920994328963e-05,1.927365224796418e-05,2018.0,0.9853515625,1.0,0.25,0.0,0.015130413202562754,0.008432185173496738,0.016570441907511113
abrupt-stress,109,calibration,ideal_only,0.038140587566097395,0.07628117513219479,408.0,0.19921875,1.0,1.0,0.0,0.021032223799477428,0.1,0.05030636152684054
abrupt-stress,109,calibration,fresh_racing,0.002028982349122521,0.0,2048.0,1.0,1.0,0.75,0.0,0.01642775216302826,0.02045692716894549,0.033513479941064184
abrupt-stress,109,calibration,reuse_racing,0.020132331640254353,1.927365224796418e-05,2048.0,1.0,1.0,0.5,0.0,0.01893964914019822,0.010977133456887828,0.038925008179174936
abrupt-stress,109,calibration,global_racing,0.0010357902991594004,1.927365224796418e-05,2048.0,1.0,1.0,0.75,0.0,0.014909043046882446,0.0126879177559562,0.018901439630574723
abrupt-stress,109,calibration,driftqas_racing,0.0010406087122213914,1.927365224796418e-05,2048.0,1.0,1.0,0.75,0.0,0.01489844684219084,0.011089035868328927,0.015036340714918384
abrupt-stress,109,calibration,driftqas_racing_uniform,9.63682612398209e-06,1.927365224796418e-05,2048.0,1.0,1.0,0.25,0.0,0.014344558048451448,0.012988110051886876,0.030511211139608474
abrupt-stress,110,calibration,reuse,2.0361651728584285e-05,2.8199664825478976e-14,2008.0,0.98046875,1.0,0.25,0.0,0.01538182655390094,0.008889559961052819,0.022959227543159877
abrupt-stress,110,calibration,driftqas,2.036165173602278e-05,5.795364188543317e-14,2008.0,0.98046875,1.0,0.25,0.0,0.015381063454999535,0.00960326627895781,0.025598973555520044
abrupt-stress,110,calibration,ideal_only,0.038140587566213635,0.07628117513242727,408.0,0.19921875,1.0,1.0,0.0,0.024016744181729714,0.1,0.050306361526824994
abrupt-stress,110,calibration,fresh_racing,2.036165173602278e-05,5.795364188543317e-14,2048.0,1.0,1.0,1.0,0.0,0.014462383481261758,0.02414415096556119,0.02987603875148792
abrupt-stress,110,calibration,reuse_racing,0.004090994170975859,5.795364188543317e-14,2048.0,1.0,1.0,1.0,0.0,0.01379772466549006,0.015488874084326592,0.018246838752981054
abrupt-stress,110,calibration,global_racing,0.004090994170975859,5.795364188543317e-14,2048.0,1.0,1.0,0.5,0.0,0.01379772466549006,0.02048948575142616,0.040125258348123916
abrupt-stress,110,calibration,driftqas_racing,0.0040909941709684206,5.795364188543317e-14,2038.0,0.9951171875,0.75,1.0,0.0,0.0137687056636311,0.015546158490001879,0.018245108776246466
abrupt-stress,110,calibration,driftqas_racing_uniform,0.002036594311644546,0.0,2038.0,0.9951171875,1.0,1.0,0.0,0.015617735970346939,0.014021033720531236,0.02090737343328236
abrupt-stress,111,calibration,reuse,3.608224830031759e-15,1.4432899320127035e-14,2018.0,0.9853515625,1.0,0.75,0.0,0.014402734398536628,0.007441409967852891,0.010970891241709635
abrupt-stress,111,calibration,driftqas,7.216449660063518e-15,1.4432899320127035e-14,2018.0,0.9853515625,1.0,0.75,0.0,0.014399679136257166,0.007676081710086328,0.010233331000421786
abrupt-stress,111,calibration,ideal_only,0.03814058756609151,0.07628117513218302,408.0,0.19921875,1.0,1.0,0.0,0.021874682418955665,0.1,0.050306361526842536
abrupt-stress,111,calibration,fresh_racing,0.023140926302354814,1.4432899320127035e-14,2048.0,1.0,0.75,0.75,0.0,0.017066479550998864,0.02845075306646579,0.03303893267081348
abrupt-stress,111,calibration,reuse_racing,0.019070293783045755,0.0,2048.0,1.0,1.0,0.75,0.0,0.017704510932024325,0.015273502981090752,0.03007135676674777
abrupt-stress,111,calibration,global_racing,0.0,0.0,2048.0,1.0,1.0,1.0,0.0,0.01440456614428956,0.021039102711999647,0.011820497161101395
abrupt-stress,111,calibration,driftqas_racing,0.0,0.0,2048.0,1.0,1.0,1.0,0.0,0.01440456614428956,0.015808077234899416,0.009999151725730127
abrupt-stress,111,calibration,driftqas_racing_uniform,0.001001181486108671,0.0,2048.0,1.0,0.75,1.0,0.0,0.013802543212708383,0.013865220449505646,0.014363210916669533
abrupt-stress,112,calibration,reuse,0.0010011040990874354,1.4953965843389483e-08,2008.0,0.98046875,0.75,0.5,0.0,0.014876115383512441,0.009939392213867627,0.01682568599107198
abrupt-stress,112,calibration,driftqas,0.0010011040990874354,1.4953965843389483e-08,2018.0,0.9853515625,0.75,0.5,0.0,0.014876115383512441,0.009962798828839119,0.017102859264307158
abrupt-stress,112,calibration,ideal_only,0.03814058756616168,0.07628117513232335,408.0,0.19921875,0.75,1.0,0.0,0.023417118960070066,0.1,0.0503063615268321
abrupt-stress,112,calibration,fresh_racing,0.01907822411292348,1.4953965843389483e-08,2048.0,1.0,1.0,0.5,0.0,0.020032095074977985,0.02678313834301087,0.061516048468350126
abrupt-stress,112,calibration,reuse_racing,0.01907069254588334,1.4953965843389483e-08,2048.0,1.0,0.75,0.5,0.0,0.019314553755579326,0.015268503587605838,0.04547204659213644
abrupt-stress,112,calibration,global_racing,2.1710321734813576e-07,1.4953965843389483e-08,2048.0,1.0,1.0,0.75,0.0,0.014609633221475791,0.01740464608560992,0.026234981483315267
abrupt-stress,112,calibration,driftqas_racing,2.1710321734813576e-07,1.4953965843389483e-08,2048.0,1.0,1.0,0.75,0.0,0.014609633221475791,0.015815074448139257,0.023907542563249007
abrupt-stress,112,calibration,driftqas_racing_uniform,2.1710321734813576e-07,1.4953965843389483e-08,2048.0,1.0,1.0,1.0,0.0,0.014609633221475791,0.015172653112136343,0.0161351193572567
abrupt-stress,113,calibration,reuse,0.0015650423810255054,4.218847493575595e-15,2028.0,0.990234375,1.0,0.75,0.0,0.016300640538036034,0.011200240269445435,0.015361900809351792
abrupt-stress,113,calibration,driftqas,0.0015650423810255054,4.218847493575595e-15,2028.0,0.990234375,1.0,0.75,0.0,0.016300640538036034,0.011224414838656386,0.015320449601910369
abrupt-stress,113,calibration,ideal_only,0.03814058756606209,0.07628117513212418,408.0,0.19921875,0.75,1.0,0.0,0.021145181876761916,0.1,0.050306361526843535
abrupt-stress,113,calibration,fresh_racing,3.3708545954524993e-09,1.2656542480726785e-14,2048.0,1.0,0.75,0.75,0.0,0.014034548091804256,0.019747351760614755,0.03484674794419518
abrupt-stress,113,calibration,reuse_racing,0.0190702937830321,4.218847493575595e-15,2022.0,0.9873046875,0.75,0.5,0.0,0.017650885906282582,0.011587343866846445,0.04768429281863412
abrupt-stress,113,calibration,global_racing,1.0547118733938987e-15,0.0,2048.0,1.0,0.75,0.75,0.0,0.014565834116229163,0.014045939015329093,0.02686741158660605
abrupt-stress,113,calibration,driftqas_racing,4.218847493575595e-15,1.2656542480726785e-14,2038.0,0.9951171875,0.75,0.75,0.0,0.014556664786042842,0.012382110846574451,0.02255044918223237
abrupt-stress,113,calibration,driftqas_racing_uniform,0.0015650423810297243,1.2656542480726785e-14,2038.0,0.9951171875,1.0,0.75,0.0,0.016294219686035297,0.01419602193068858,0.021349692983998803
abrupt-stress,114,calibration,reuse,1.2779788338690423e-10,0.0,2018.0,0.9853515625,1.0,0.75,0.0,0.015502061334483855,0.009531981772733586,0.01232583692061745
abrupt-stress,114,calibration,driftqas,1.2779788338690423e-10,0.0,2018.0,0.9853515625,1.0,0.75,0.0,0.015502061334483855,0.009543710865614265,0.012342728092531896
abrupt-stress,114,calibration,ideal_only,0.03814058756615257,0.07628117513230515,408.0,0.19921875,1.0,1.0,0.0,0.02072944604022208,0.1,0.0503063615268321
abrupt-stress,114,calibration,fresh_racing,0.0001737843858317656,0.0,2048.0,1.0,1.0,0.75,0.0,0.01611821824264901,0.023324444319669964,0.03263434215603567
abrupt-stress,114,calibration,reuse_racing,0.04149151604558282,0.0,2048.0,1.0,1.0,0.5,0.0,0.021757380969193243,0.01594417152302717,0.0673297015283128
abrupt-stress,114,calibration,global_racing,0.001167898077664098,0.0,1830.0,0.8935546875,1.0,0.75,0.0,0.01673325151072752,0.021630523661865818,0.024603051540359966
abrupt-stress,114,calibration,driftqas_racing,0.001167898077664098,0.0,2022.0,0.9873046875,1.0,0.75,0.0,0.01673325151072752,0.021220192742574088,0.03437793627446567
abrupt-stress,114,calibration,driftqas_racing_uniform,0.00016179379527297977,0.0,2048.0,1.0,1.0,0.75,0.0,0.015744985989426176,0.01619324238978603,0.021304437376645058
abrupt-stress,115,calibration,reuse,0.0031921564061119234,3.1308289294429414e-14,2018.0,0.9853515625,1.0,0.75,0.0,0.013976550251758835,0.010868770972199295,0.017124682321894846
abrupt-stress,115,calibration,driftqas,0.0031921564061119234,3.1308289294429414e-14,2008.0,0.98046875,1.0,0.75,0.0,0.013976550251758835,0.010873800481137615,0.017175388184067664
abrupt-stress,115,calibration,ideal_only,0.03814058756629568,0.07628117513259136,408.0,0.19921875,1.0,1.0,0.0,0.02319498146065975,0.1,0.05030636152681067
abrupt-stress,115,calibration,fresh_racing,0.004070632519192652,0.0,2048.0,1.0,0.75,1.0,0.0,0.01512914576324715,0.020119524898280998,0.018660239637285858
abrupt-stress,115,calibration,reuse_racing,0.008141832045218123,0.0,2048.0,1.0,0.75,0.75,0.0,0.012651483796978516,0.015087610422378382,0.01932741129635951
abrupt-stress,115,calibration,global_racing,0.008141265038385304,3.1308289294429414e-14,2048.0,1.0,0.75,0.75,0.0,0.012652860950865616,0.01650237809708257,0.01923916038588791
abrupt-stress,115,calibration,driftqas_racing,0.008141832045218123,2.2680273938924245e-06,2038.0,0.9951171875,0.75,0.75,0.0,0.01265347129792145,0.014681056305984817,0.017967849445152673
abrupt-stress,115,calibration,driftqas_racing_uniform,0.0021252622824842193,0.0,2038.0,0.9951171875,1.0,1.0,0.0,0.015108454064150525,0.019596520568513666,0.010610810539008808
abrupt-stress,116,calibration,reuse,3.916774430023917e-05,0.0,2008.0,0.98046875,1.0,0.5,0.0,0.015508686553140564,0.00868442647361628,0.018635360486103092
abrupt-stress,116,calibration,driftqas,3.916774433793124e-05,0.0,2008.0,0.98046875,1.0,0.5,0.0,0.015512354812637217,0.008705799067757458,0.018268178947189573
abrupt-stress,116,calibration,ideal_only,0.038140587566079076,0.07628117513215815,408.0,0.19921875,0.75,1.0,0.0,0.021330553492687858,0.1,0.05030636152684387
abrupt-stress,116,calibration,fresh_racing,1.9583872187811657e-05,1.5076828674409626e-13,2048.0,1.0,1.0,1.0,0.0,0.015606834766657184,0.028246686311212674,0.034014825926102
abrupt-stress,116,calibration,reuse_racing,0.0020167715790568863,0.0,2048.0,1.0,1.0,1.0,0.0,0.01570952869737643,0.015626438721220826,0.01906661722863856
abrupt-stress,116,calibration,global_racing,0.0020167715790945784,0.0,2048.0,1.0,1.0,1.0,0.0,0.015713196956873083,0.021065378455307888,0.024370650993457976
abrupt-stress,116,calibration,driftqas_racing,0.0020167715790568863,0.0,2048.0,1.0,1.0,1.0,0.0,0.01570952869737643,0.01644162175569655,0.02350192652990113
abrupt-stress,116,calibration,driftqas_racing_uniform,0.0020167715790568863,0.0,2048.0,1.0,1.0,1.0,0.0,0.01570952869737643,0.01412949582659533,0.01513266752479675
abrupt-stress,117,calibration,reuse,0.0,0.0,2018.0,0.9853515625,1.0,0.75,0.0,0.015468776092058472,0.008074657139588484,0.011836635421641484
abrupt-stress,117,calibration,driftqas,0.0,0.0,2018.0,0.9853515625,1.0,0.75,0.0,0.015468776092058472,0.00808289469360275,0.011917951497539991
abrupt-stress,117,calibration,ideal_only,0.03814058756604022,0.07628117513208044,408.0,0.19921875,0.75,1.0,0.0,0.021426684101022993,0.1,0.050306361526839316
abrupt-stress,117,calibration,fresh_racing,1.4099832412739488e-14,0.0,2048.0,1.0,1.0,1.0,0.0,0.01614874283535164,0.0312946116992788,0.028610384917602705
abrupt-stress,117,calibration,reuse_racing,0.019082276472899784,0.0,2048.0,1.0,1.0,0.75,0.0,0.018736890513889475,0.01604324539422125,0.04416090847239679
abrupt-stress,117,calibration,global_racing,6.358814099549637e-06,0.0,1958.0,0.9560546875,1.0,1.0,0.0,0.014617562772101474,0.021889266738149615,0.014928418219156636
abrupt-stress,117,calibration,driftqas_racing,6.358814099549637e-06,0.0,2048.0,1.0,1.0,1.0,0.0,0.014617562772101474,0.021618442321237472,0.027003275831736173
abrupt-stress,117,calibration,driftqas_racing_uniform,1.3026254436221407e-07,0.0,2048.0,1.0,1.0,1.0,0.0,0.015841347852917534,0.014526104981746751,0.008872814053865974
abrupt-stress,118,calibration,reuse,0.004059025732119692,0.0,2008.0,0.98046875,1.0,0.5,0.0,0.016196411682027907,0.008253721297690713,0.011493849112334475
abrupt-stress,118,calibration,driftqas,0.004059025732119692,0.0,2008.0,0.98046875,1.0,0.5,0.0,0.016196411682027907,0.00825911826339219,0.011499685681618466
abrupt-stress,118,calibration,ideal_only,0.03814058756614336,0.07628117513228672,408.0,0.19921875,1.0,1.0,0.0,0.022147085243841937,0.1,0.05030636152683543
abrupt-stress,118,calibration,fresh_racing,0.004074530549786015,0.0,2048.0,1.0,1.0,1.0,0.0,0.01442400401176163,0.022992583993341073,0.017698152111970955
abrupt-stress,118,calibration,reuse_racing,0.008141265038544954,0.0,2048.0,1.0,1.0,1.0,0.0,0.012683751346642333,0.014947353245979945,0.014715811318958827
abrupt-stress,118,calibration,global_racing,0.008141265038544954,0.0,2022.0,0.9873046875,1.0,1.0,0.0,0.012683751346642333,0.021934099032893107,0.019501853366577504
abrupt-stress,118,calibration,driftqas_racing,0.008141265038544954,0.0,1830.0,0.8935546875,1.0,1.0,0.0,0.012683751346642333,0.014947353245979945,0.014715811318958827
abrupt-stress,118,calibration,driftqas_racing_uniform,0.02503545638069571,0.0,2048.0,1.0,1.0,1.0,0.0,0.01855219110918779,0.027439389221149406,0.0295173900734646
abrupt-stress,119,calibration,reuse,0.02007483862191095,1.1102230246251565e-14,2018.0,0.9853515625,0.75,0.5,0.0,0.01876912995609369,0.011803518471799085,0.028979224206656107
abrupt-stress,119,calibration,driftqas,0.020074985262538703,1.1102230246251565e-14,2008.0,0.98046875,1.0,0.5,0.0,0.02078067925011059,0.011576517963849503,0.03055659662319976
abrupt-stress,119,calibration,ideal_only,0.03814058756609151,0.07628117513218302,408.0,0.19921875,0.75,1.0,0.0,0.023843602595645795,0.1,0.05030636152684187
abrupt-stress,119,calibration,fresh_racing,0.019114464482757443,0.0,2048.0,1.0,1.0,0.75,0.0,0.01963883390541443,0.02401487451502308,0.04670704878712456
abrupt-stress,119,calibration,reuse_racing,0.020071702824807858,0.0,2048.0,1.0,1.0,0.75,0.0,0.020562610751163043,0.016714839008586703,0.039642854395784355
abrupt-stress,119,calibration,global_racing,0.020071556184180106,0.0,2048.0,1.0,0.75,0.75,0.0,0.018551061457146144,0.019665145614439144,0.03721109002994677
abrupt-stress,119,calibration,driftqas_racing,0.020071556184180106,0.0,2048.0,1.0,0.75,0.75,0.0,0.018551061457146144,0.019281489673165435,0.03691423818452555
abrupt-stress,119,calibration,driftqas_racing_uniform,0.020071556184180106,0.0,2048.0,1.0,0.75,0.25,0.0,0.018551061457146144,0.01892037799071073,0.05339661617785518
abrupt-stress,120,calibration,reuse,0.00200219319705347,0.0,2028.0,0.990234375,1.0,0.5,0.0,0.015536893682479735,0.009412657897360222,0.025608326827891714
abrupt-stress,120,calibration,driftqas,0.00200219319705347,0.0,2028.0,0.990234375,1.0,0.5,0.0,0.015536893682479735,0.009431517586575712,0.02582257224550466
abrupt-stress,120,calibration,ideal_only,0.03814058756610006,0.07628117513220012,408.0,0.19921875,1.0,1.0,0.0,0.023215150066635465,0.1,0.05030636152684054
abrupt-stress,120,calibration,fresh_racing,0.0010023486530871262,5.008218202373627e-06,2048.0,1.0,1.0,0.5,0.0,0.01619702122164211,0.02021923452612973,0.03585661963105624
abrupt-stress,120,calibration,reuse_racing,0.0200713903815819,0.0,2048.0,1.0,1.0,0.5,0.0,0.01907449025466995,0.014836285740603812,0.04706453569016511
abrupt-stress,120,calibration,global_racing,0.0010010965985365328,0.0,2048.0,1.0,1.0,0.25,0.0,0.01619702122164211,0.016705654593020928,0.03710934185467624
abrupt-stress,120,calibration,driftqas_racing,0.0010010965985273734,0.0,2038.0,0.9951171875,1.0,0.75,0.0,0.016200076483921574,0.015460370779098507,0.02613249885968527
abrupt-stress,120,calibration,driftqas_racing_uniform,0.00122539266810745,0.0,2038.0,0.9951171875,1.0,1.0,0.0,0.017735918969504254,0.01747923349642625,0.01781677438934609
recurring-stress,101,calibration,reuse,0.0002491137792536291,0.0,2008.0,0.98046875,1.0,0.25,0.0,0.016198862517291815,0.008426083540362608,0.01592954512711986
recurring-stress,101,calibration,driftqas,0.0002491137792536291,0.0,2008.0,0.98046875,1.0,0.25,0.0,0.016198862517291815,0.008482171820177742,0.01601237135552991
recurring-stress,101,calibration,ideal_only,0.01907029378303965,0.0,408.0,0.19921875,0.75,1.0,0.0,0.01909408593181941,0.1,0.02716543522449555
recurring-stress,101,calibration,fresh_racing,0.001325553667390178,0.0,2048.0,1.0,1.0,0.75,0.0,0.017656799470689807,0.0278292959626,0.03728797823555097
recurring-stress,101,calibration,reuse_racing,0.02004152378882923,0.0010035889842412438,2048.0,1.0,1.0,0.75,0.0,0.02133041603355503,0.013804030703042676,0.027310461836512367
recurring-stress,101,calibration,global_racing,0.000750908271374251,0.0010035889842412438,2048.0,1.0,1.0,1.0,0.0,0.017832313097111478,0.013909387194149699,0.01489429426063088
recurring-stress,101,calibration,driftqas_racing,0.000750908271374251,0.0010035889842412438,2048.0,1.0,1.0,0.75,0.0,0.017832313097111478,0.013494489245459753,0.015230431595870841
recurring-stress,101,calibration,driftqas_racing_uniform,0.0007526917381809328,0.0010035889842412438,2048.0,1.0,1.0,1.0,0.0,0.016630479063241423,0.018104257716031365,0.019955637971758255
recurring-stress,102,calibration,reuse,3.190171070643899e-07,4.2535614275251987e-07,2018.0,0.9853515625,0.75,0.75,0.0,0.01593572706882258,0.008525594496328648,0.013987182785188346
recurring-stress,102,calibration,driftqas,3.190171070643899e-07,4.2535614275251987e-07,2018.0,0.9853515625,0.75,0.75,0.0,0.01593572706882258,0.008532341863567694,0.014203626738026609
recurring-stress,102,calibration,ideal_only,0.019070293783054915,0.0,408.0,0.19921875,1.0,1.0,0.0,0.02185016338515457,0.1,0.027165435224492496
recurring-stress,102,calibration,fresh_racing,1.887379141862766e-15,0.0,2048.0,1.0,1.0,0.5,0.0,0.018170840851180495,0.02076218302042082,0.03159391524703814
recurring-stress,102,calibration,reuse_racing,1.2156942119645464e-14,0.0,2048.0,1.0,1.0,0.75,0.0,0.01791092301110396,0.012221114885093785,0.014071830359043247
recurring-stress,102,calibration,global_racing,0.0020785292328668326,0.004309291443933105,2048.0,1.0,1.0,0.75,0.0,0.017600331154132013,0.01625449463742513,0.019840823345537495
recurring-stress,102,calibration,driftqas_racing,0.0020785292328546756,0.004309291443933105,2048.0,1.0,1.0,0.75,0.0,0.017591924922847096,0.014836140352908127,0.02046008191623966
recurring-stress,102,calibration,driftqas_racing_uniform,0.0020024127437549555,0.004004825487485597,2048.0,1.0,1.0,0.75,0.0,0.016900882936906284,0.018096677019032132,0.028780062162629294
recurring-stress,103,calibration,reuse,0.0,0.0,2018.0,0.9853515625,0.75,0.25,0.0,0.0165485024729532,0.008966700601737694,0.021101372444584043
recurring-stress,103,calibration,driftqas,0.0,0.0,2018.0,0.9853515625,0.75,0.25,0.0,0.0165485024729532,0.008972591457871243,0.021039554731834165
recurring-stress,103,calibration,ideal_only,0.04332299067506851,0.0040043863774470445,408.0,0.19921875,1.0,1.0,0.0,0.021471428061510728,0.1,0.05141813211658386
recurring-stress,103,calibration,fresh_racing,2.303135475667517e-07,0.0,2048.0,1.0,1.0,0.5,0.0,0.014318548706053494,0.02546192973962448,0.04998343268155386
recurring-stress,103,calibration,reuse_racing,0.019070293783065295,0.0,2048.0,1.0,0.5,0.5,0.0,0.01817188239191642,0.014359808676125468,0.05458771846211191
recurring-stress,103,calibration,global_racing,0.001002302198297833,0.004009208793191332,2048.0,1.0,0.75,0.5,0.0,0.016690649782958464,0.016788441137715514,0.03152983080234456
recurring-stress,103,calibration,driftqas_racing,0.001002302198297833,0.004009208793191332,2048.0,1.0,0.75,0.5,0.0,0.016690649782958464,0.01675567367246389,0.033791470799661216
recurring-stress,103,calibration,driftqas_racing_uniform,0.0010027628253929666,0.004009208793191332,2048.0,1.0,1.0,0.75,0.0,0.014962031767803747,0.017483752767782215,0.0318393361654431
recurring-stress,104,calibration,reuse,2.965757583961448e-09,2.327821269076935e-09,2018.0,0.9853515625,1.0,0.25,0.0,0.016046238330786035,0.008014098475605342,0.017820194668404843
recurring-stress,104,calibration,driftqas,2.965757583961448e-09,2.327821269076935e-09,2018.0,0.9853515625,1.0,0.25,0.0,0.016046238330786035,0.008050343199081787,0.017696569600813394
recurring-stress,104,calibration,ideal_only,0.01907029378304398,0.0,408.0,0.19921875,1.0,1.0,0.0,0.0202894988320563,0.1,0.02716543522449283
recurring-stress,104,calibration,fresh_racing,0.0020022083064794027,0.004004416612957362,2048.0,1.0,0.75,0.5,0.0,0.015110305689908322,0.02356206626088231,0.043719654970013844
recurring-stress,104,calibration,reuse_racing,0.019070294946954613,2.327821269076935e-09,2048.0,1.0,1.0,0.75,0.0,0.02002466841007298,0.014626865194151295,0.04111127713354029
recurring-stress,104,calibration,global_racing,0.0010011041532400622,0.004004416612957362,2048.0,1.0,0.75,0.5,0.0,0.015034849971400449,0.020730340591279244,0.03638168731324959
recurring-stress,104,calibration,driftqas_racing,0.00100110595508629,0.004004416612957362,2038.0,0.9951171875,1.0,0.5,0.0,0.015462424282337527,0.01585139234073784,0.02992851200499852
recurring-stress,104,calibration,driftqas_racing_uniform,1.2198916321537467e-09,0.0,2038.0,0.9951171875,1.0,0.25,0.0,0.016225657606320575,0.018277401074591852,0.03682450604981946
recurring-stress,105,calibration,reuse,0.003030060380890154,0.004040080507835553,2018.0,0.9853515625,1.0,0.25,0.0,0.016542459107125713,0.008567256123491579,0.0201148006343026
recurring-stress,105,calibration,driftqas,0.003030060380890154,0.004040080507835553,2018.0,0.9853515625,1.0,0.25,0.0,0.016542459107125713,0.008580458060039115,0.02033021372639854
recurring-stress,105,calibration,ideal_only,0.019070293783033654,0.0,408.0,0.19921875,1.0,1.0,0.0,0.021719295451367335,0.1,0.027165435224495993
recurring-stress,105,calibration,fresh_racing,0.002020878519251035,3.35306133303348e-06,2048.0,1.0,1.0,0.75,0.0,0.017070217610556326,0.02096534619595624,0.03233249182301373
recurring-stress,105,calibration,reuse_racing,0.005082763300538418,3.35306133303348e-06,2048.0,1.0,1.0,1.0,0.0,0.01625240009528435,0.01559076158974509,0.01830778458242932
recurring-stress,105,calibration,global_racing,0.0020200402539312656,0.0,2048.0,1.0,1.0,0.75,0.0,0.01636215202475296,0.01669971954325128,0.025843128659245873
recurring-stress,105,calibration,driftqas_racing,0.003030060380890154,0.004040080507835553,2038.0,0.9951171875,1.0,1.0,0.0,0.016542459107125713,0.015868311037995034,0.026237198936740425
recurring-stress,105,calibration,driftqas_racing_uniform,0.003030060380890154,0.004040080507835553,2038.0,0.9951171875,1.0,1.0,0.0,0.016542459107125713,0.014419628036239942,0.016995142029445742
recurring-stress,106,calibration,reuse,2.569636228244576e-07,1.026945782633959e-06,2018.0,0.9853515625,1.0,0.25,0.0,0.016835881992371432,0.008551905766086365,0.019469481487821627
recurring-stress,106,calibration,driftqas,2.569636228244576e-07,1.026945782633959e-06,2018.0,0.9853515625,1.0,0.25,0.0,0.016835881992371432,0.008583296814825156,0.019601513720942765
recurring-stress,106,calibration,ideal_only,0.019070293783046255,0.0,408.0,0.19921875,1.0,1.0,0.0,0.02139877542159462,0.1,0.02716543522449355
recurring-stress,106,calibration,fresh_racing,0.0040706327464804515,4.5434855877601876e-10,2048.0,1.0,1.0,0.75,0.0,0.015766764826430604,0.028633269621922294,0.03663647024669131
recurring-stress,106,calibration,reuse_racing,0.027211559035693167,0.016282530077201596,2048.0,1.0,1.0,0.75,0.0,0.017528793343783728,0.014266489503409804,0.038419937365841095
recurring-stress,106,calibration,global_racing,3.407643056618781e-10,4.5434855877601876e-10,2048.0,1.0,1.0,0.75,0.0,0.017989233683600846,0.01664598482342137,0.022634006338286217
recurring-stress,106,calibration,driftqas_racing,3.407643056618781e-10,4.5434855877601876e-10,2048.0,1.0,1.0,0.5,0.0,0.017989233683600846,0.015084068516197984,0.024149392641222567
recurring-stress,106,calibration,driftqas_racing_uniform,0.002003971381496328,0.004007942535818376,2048.0,1.0,1.0,0.75,0.0,0.0166573859025601,0.017811684933473213,0.0200047320051
recurring-stress,107,calibration,reuse,0.005326458542057377,0.007990205380655757,2008.0,0.98046875,1.0,1.0,0.0,0.01842312488566926,0.010104898834553913,0.011923412654299415
recurring-stress,107,calibration,driftqas,0.005326458542057377,0.007990205380655757,2008.0,0.98046875,1.0,1.0,0.0,0.01842312488566926,0.010107723869675001,0.01202075490730109
recurring-stress,107,calibration,ideal_only,0.01907029378303582,0.0,408.0,0.19921875,1.0,1.0,0.0,0.02093147030732656,0.1,0.027165435224495604
recurring-stress,107,calibration,fresh_racing,1.1657341758564144e-14,2.3314683517128287e-14,2048.0,1.0,1.0,1.0,0.0,0.015882359038579225,0.024168267651761513,0.03222660416211193
recurring-stress,107,calibration,reuse_racing,0.008141265039101842,0.016282530078203683,2048.0,1.0,1.0,0.5,0.0,0.01375156243922723,0.015269003552417148,0.026509020890080115
recurring-stress,107,calibration,global_racing,9.133193036303666e-07,1.8266386072607332e-06,2048.0,1.0,0.75,0.75,0.0,0.014775267102527656,0.016021035753038874,0.027280995497454053
recurring-stress,107,calibration,driftqas_racing,9.133193036303666e-07,1.8266386072607332e-06,2048.0,1.0,0.75,0.75,0.0,0.014775267102527656,0.015991018727185072,0.026737045154199945
recurring-stress,107,calibration,driftqas_racing_uniform,9.133193036303666e-07,1.8266386072607332e-06,2048.0,1.0,0.75,0.75,0.0,0.014775267102527656,0.016968947450974995,0.026072574026113682
recurring-stress,108,calibration,reuse,1.3920531394262525e-12,1.8560708525683367e-12,2028.0,0.990234375,0.75,0.75,0.0,0.01923912741644817,0.008645898767503773,0.014264344718651623
recurring-stress,108,calibration,driftqas,1.3920531394262525e-12,1.8560708525683367e-12,2018.0,0.9853515625,0.75,0.75,0.0,0.01923912741644817,0.008658630339773501,0.014516527443451499
recurring-stress,108,calibration,ideal_only,0.019070293783052583,0.0,408.0,0.19921875,1.0,1.0,0.0,0.022161779657349216,0.1,0.027165435224492163
recurring-stress,108,calibration,fresh_racing,0.024246157841376792,3.125119565794421e-05,2048.0,1.0,1.0,0.5,0.0,0.0188378444489491,0.02423263755404203,0.06261491845781691
recurring-stress,108,calibration,reuse_racing,0.04149246305330584,1.8560708525683367e-12,2048.0,1.0,0.75,0.5,0.0,0.021947423867743864,0.012638016416365227,0.05633454698618168
recurring-stress,108,calibration,global_racing,0.002194837480696321,0.004389674960464607,2048.0,1.0,0.75,0.75,0.0,0.017737330068396256,0.015182791023479735,0.018975233093068256
recurring-stress,108,calibration,driftqas_racing,0.0010974187410441871,1.8560708525683367e-12,2048.0,1.0,0.75,0.75,0.0,0.01756444498363767,0.013379371807489175,0.019405262343248297
recurring-stress,108,calibration,driftqas_racing_uniform,1.5625598317359213e-05,3.125119565794421e-05,2048.0,1.0,1.0,0.75,0.0,0.017276905774728332,0.016689476499704963,0.023071213779317812
recurring-stress,109,calibration,reuse,0.003051852035740099,0.004091478746470312,2018.0,0.9853515625,1.0,0.5,0.0,0.017693418965724676,0.008900592109181692,0.014116062985592481
recurring-stress,109,calibration,driftqas,0.003047033622678108,0.004005176997771809,2018.0,0.9853515625,0.75,0.5,0.0,0.014983021570316932,0.00887364876363334,0.014164984323248808
recurring-stress,109,calibration,ideal_only,0.019070293783048697,0.0,408.0,0.19921875,1.0,1.0,0.0,0.018729605959380616,0.1,0.02716543522449394
recurring-stress,109,calibration,fresh_racing,0.005106422818457301,0.00011871054661782843,2048.0,1.0,1.0,0.25,0.0,0.01602830599755578,0.02208807232159267,0.055466565185961936
recurring-stress,109,calibration,reuse_racing,0.012211897557893703,0.016282530077191604,2048.0,1.0,1.0,0.75,0.0,0.012668563529258143,0.013759084661096153,0.024127819875236378
recurring-stress,109,calibration,global_racing,0.006116371892533057,0.004091478746470312,2048.0,1.0,1.0,0.75,0.0,0.014130867954642294,0.020305002916997862,0.03028762682305547
recurring-stress,109,calibration,driftqas_racing,0.006121190305595048,0.004091478746470312,2048.0,1.0,1.0,0.5,0.0,0.014154316115304523,0.01597498168484696,0.026742057484165638
recurring-stress,109,calibration,driftqas_racing_uniform,0.0010822249599289346,0.004091478746470312,2048.0,1.0,1.0,1.0,0.0,0.016348493240334227,0.01760709818839839,0.021776112752387833
recurring-stress,110,calibration,reuse,0.002056955963351592,8.144660682818383e-05,2018.0,0.9853515625,1.0,0.5,0.0,0.017553795563431365,0.009475036766083486,0.015865882108923535
recurring-stress,110,calibration,driftqas,0.002056955963351592,8.144660682818383e-05,2018.0,0.9853515625,1.0,0.5,0.0,0.017553795563431365,0.009513945709606775,0.015952239888610775
recurring-stress,110,calibration,ideal_only,0.019070293783106818,0.0,408.0,0.19921875,1.0,1.0,0.0,0.02134334850278239,0.1,0.02716543522448539
recurring-stress,110,calibration,fresh_racing,0.001021479004092718,0.004004469409484734,2048.0,1.0,1.0,0.75,0.0,0.016402099464765767,0.021778553242897243,0.03751737895814844
recurring-stress,110,calibration,reuse_racing,0.019090655434813864,8.144660682818383e-05,2048.0,1.0,1.0,0.5,0.0,0.020541060689030156,0.010862897290176825,0.04323447410544545
recurring-stress,110,calibration,global_racing,0.0020022347047568556,0.004004469409484734,2048.0,1.0,1.0,0.25,0.0,0.015194848539928182,0.013090735462128876,0.022914932843333846
recurring-stress,110,calibration,driftqas_racing,0.0010011173523711836,0.004004469409484734,2038.0,0.9951171875,1.0,0.75,0.0,0.015761727013610807,0.011505407339469139,0.017978231792113608
recurring-stress,110,calibration,driftqas_racing_uniform,0.0010011173523782335,0.004004469409484734,2038.0,0.9951171875,1.0,0.75,0.0,0.015760658366759283,0.013420973994480244,0.018249930409169557
recurring-stress,111,calibration,reuse,0.005156488894271949,0.004492237313364678,2028.0,0.990234375,0.75,0.25,0.0,0.015041689983942346,0.01005997827123521,0.026361364545090527
recurring-stress,111,calibration,driftqas,0.005156488894271949,0.004492237313364678,2028.0,0.990234375,0.75,0.25,0.0,0.015041689983942346,0.010061471861478502,0.026420966651045097
recurring-stress,111,calibration,ideal_only,0.019070293783045755,0.0,408.0,0.19921875,1.0,1.0,0.0,0.022543178785657696,0.1,0.027165435224494938
recurring-stress,111,calibration,fresh_racing,0.0032373040442478795,0.008455155674337522,2048.0,1.0,1.0,1.0,0.0,0.017109924885206528,0.026792813755011188,0.036823616431729544
recurring-stress,111,calibration,reuse_racing,1.3673919705969872e-06,1.8231892893183499e-06,2048.0,1.0,1.0,1.0,0.0,0.01786230344053341,0.015000878789432672,0.01984386976507646
recurring-stress,111,calibration,global_racing,0.002017626377610049,0.008066859131861559,2048.0,1.0,0.75,0.75,0.0,0.01640592245579457,0.015552926543683843,0.03016602246673672
recurring-stress,111,calibration,driftqas_racing,0.002017626377610049,0.008066859131861559,2048.0,1.0,0.75,0.75,0.0,0.01640592245579457,0.014755467345772592,0.026514899559454075
recurring-stress,111,calibration,driftqas_racing_uniform,0.002017626377610049,0.008066859131861559,2048.0,1.0,0.75,0.75,0.0,0.01640592245579457,0.01808238956194053,0.026873278495621378
recurring-stress,112,calibration,reuse,3.738491460847371e-09,0.0,2008.0,0.98046875,1.0,1.0,0.0,0.018200246415314935,0.01024222130387862,0.009003935665100826
recurring-stress,112,calibration,driftqas,3.738491460847371e-09,0.0,2008.0,0.98046875,1.0,1.0,0.0,0.018200246415314935,0.01026396445225008,0.009078764449278631
recurring-stress,112,calibration,ideal_only,0.01907029378308084,0.0,408.0,0.19921875,1.0,1.0,0.0,0.020898588584897168,0.1,0.027165435224489054
recurring-stress,112,calibration,fresh_racing,0.00205448250943846,8.385049377057641e-07,2048.0,1.0,1.0,0.5,0.0,0.017390683321102437,0.023633179309629243,0.05018668420607636
recurring-stress,112,calibration,reuse_racing,0.005097986064081572,8.385049377057641e-07,2048.0,1.0,1.0,0.5,0.0,0.015587435511957008,0.013881098627329507,0.03601890212285702
recurring-stress,112,calibration,global_racing,0.0010271401800934776,0.0,2048.0,1.0,1.0,0.75,0.0,0.017921890050363952,0.020143525119812527,0.03959549189092787
recurring-stress,112,calibration,driftqas_racing,0.005097776437847146,0.016282545031014672,2048.0,1.0,1.0,0.25,0.0,0.016008923859821136,0.01617175104833854,0.04046431261433142
recurring-stress,112,calibration,driftqas_racing_uniform,0.0010271401800934776,0.0,2048.0,1.0,1.0,0.5,0.0,0.017921890050363952,0.017050969337074545,0.04121094903185851
recurring-stress,113,calibration,reuse,3.370851431316879e-09,1.3483401506420023e-08,2018.0,0.9853515625,0.5,0.25,0.0,0.015613860615754106,0.009617828076167591,0.02022890540967598
recurring-stress,113,calibration,driftqas,3.370851431316879e-09,1.3483401506420023e-08,2008.0,0.98046875,0.5,0.25,0.0,0.015613860615754106,0.009637315838238306,0.0201595474764647
recurring-stress,113,calibration,ideal_only,0.019070293783031045,0.0,408.0,0.19921875,0.75,1.0,0.0,0.019660510606764103,0.1,0.02716543522449555
recurring-stress,113,calibration,fresh_racing,0.004070635890171537,1.3483401506420023e-08,2048.0,1.0,1.0,0.75,0.0,0.015281747343459922,0.023666216545459088,0.03485682256670475
recurring-stress,113,calibration,reuse_racing,0.007200717281367952,0.006260169524093584,2048.0,1.0,1.0,0.75,0.0,0.012894452096700473,0.013794111936387753,0.021943102207479748
recurring-stress,113,calibration,global_racing,0.010266277299463888,0.00850004904329893,2048.0,1.0,0.5,0.5,0.0,0.014330100065309107,0.016803400362405803,0.030472862858303584
recurring-stress,113,calibration,driftqas_racing,0.008141265038639156,0.0,2038.0,0.9951171875,1.0,0.75,0.0,0.013684697805297038,0.014707276172303222,0.02231944160287408
recurring-stress,113,calibration,driftqas_racing_uniform,0.009706307419662552,0.006260169524093584,2038.0,0.9951171875,0.75,0.5,0.0,0.012626405108435232,0.012147479567109914,0.02651230707306168
recurring-stress,114,calibration,reuse,0.0010061044101890015,0.004024417385160239,2008.0,0.98046875,0.75,1.0,0.0,0.01768068454924508,0.017913951587224218,0.011636965875359007
recurring-stress,114,calibration,driftqas,0.0010061043462900598,0.0,2008.0,0.98046875,1.0,1.0,0.0,0.016959640270348346,0.01098377950269421,0.013023904503891903
recurring-stress,114,calibration,ideal_only,0.019070293783076286,0.0,408.0,0.19921875,0.75,1.0,0.0,0.0202153003485124,0.1,0.027165435224489387
recurring-stress,114,calibration,fresh_racing,0.0024996160902774345,0.004024417385160239,2048.0,1.0,0.75,0.25,0.0,0.016585022645528233,0.02603580327281005,0.0592138898788655
recurring-stress,114,calibration,reuse_racing,0.0,0.0,2048.0,1.0,0.75,0.75,0.0,0.016293527413919155,0.014526758489799072,0.01960360651732268
recurring-stress,114,calibration,global_racing,0.0,0.0,2048.0,1.0,0.75,0.5,0.0,0.016293527413919155,0.017394342657762983,0.02823669271737894
recurring-stress,114,calibration,driftqas_racing,0.0,0.0,2048.0,1.0,0.75,0.5,0.0,0.016293527413919155,0.015988750765067512,0.028290541288729876
recurring-stress,114,calibration,driftqas_racing_uniform,0.0010061043462900598,0.0,2048.0,1.0,0.75,0.75,0.0,0.017610897584810395,0.013503404769237878,0.017416824243582762
recurring-stress,115,calibration,reuse,7.827072323607354e-15,0.0,2008.0,0.98046875,1.0,1.0,0.0,0.018228889167332278,0.00984899463877233,0.004224310230002193
recurring-stress,115,calibration,driftqas,7.827072323607354e-15,0.0,2008.0,0.98046875,1.0,1.0,0.0,0.018228889167332278,0.009851162963824718,0.004137911804874328
recurring-stress,115,calibration,ideal_only,0.01907029378314784,0.0,408.0,0.19921875,1.0,1.0,0.0,0.021583151329442853,0.1,0.027165435224478007
recurring-stress,115,calibration,fresh_racing,0.0013194425050799818,0.00024943341702510224,2048.0,1.0,1.0,0.75,0.0,0.01849715606166728,0.027764660925130077,0.045513923451729166
recurring-stress,115,calibration,reuse_racing,0.00646008411233534,0.004778903186269723,2048.0,1.0,1.0,1.0,0.0,0.01539767779741838,0.015077453730221681,0.01950938858923984
recurring-stress,115,calibration,global_racing,0.0011947257965674307,0.0,2048.0,1.0,1.0,1.0,0.0,0.017292091960593104,0.021918369567470924,0.024855255618053296
recurring-stress,115,calibration,driftqas_racing,0.0011947257965752578,0.0,2038.0,0.9951171875,1.0,1.0,0.0,0.01727970947283044,0.01697618550106239,0.0223587074030544
recurring-stress,115,calibration,driftqas_racing_uniform,0.0041329908734411,0.00024943341702510224,2038.0,0.9951171875,1.0,1.0,0.0,0.015596555214188807,0.017898600007074925,0.021837667519665205
recurring-stress,116,calibration,reuse,4.137839671214394e-05,1.47306969378036e-05,2008.0,0.98046875,1.0,0.75,0.0,0.01734315334880069,0.014259862401497759,0.018014061713109042
recurring-stress,116,calibration,driftqas,4.137839671214394e-05,1.47306969378036e-05,2018.0,0.9853515625,1.0,0.75,0.0,0.01734315334880069,0.01426383856968383,0.018058225442703302
recurring-stress,116,calibration,ideal_only,0.019070293783039538,0.0,408.0,0.19921875,1.0,1.0,0.0,0.021808481080475416,0.1,0.027165435224495382
recurring-stress,116,calibration,fresh_racing,6.802609641110013e-05,0.00013605219282220027,2048.0,1.0,1.0,1.0,0.0,0.01832158041754428,0.023656109726151175,0.018162799594106938
recurring-stress,116,calibration,reuse_racing,0.027241640713613124,0.01628253007738656,2048.0,1.0,1.0,0.75,0.0,0.018634046724767553,0.016505932564453922,0.03341976416178999
recurring-stress,116,calibration,global_racing,6.80260964487922e-05,0.00013605219282220027,2048.0,1.0,1.0,1.0,0.0,0.01832158041754428,0.01756614720748943,0.018323106219504726
recurring-stress,116,calibration,driftqas_racing,6.80260964487922e-05,0.00013605219282220027,2048.0,1.0,1.0,1.0,0.0,0.01832158041754428,0.017411538244119083,0.015030825405033033
recurring-stress,116,calibration,driftqas_racing_uniform,0.002065213803355559,0.00013605219282220027,2048.0,1.0,1.0,1.0,0.0,0.018890591240696135,0.019084653788869657,0.012621488074265552
recurring-stress,117,calibration,reuse,1.3026254436221407e-07,5.210501774488563e-07,2018.0,0.9853515625,0.75,0.25,0.0,0.01859108148631925,0.00827187719719025,0.01797672007999296
recurring-stress,117,calibration,driftqas,6.3588140924997205e-06,2.5435256369998882e-05,2018.0,0.9853515625,0.75,0.25,0.0,0.016856404852534698,0.008769644661403434,0.017628826374363693
recurring-stress,117,calibration,ideal_only,0.01907029378302011,0.0,408.0,0.19921875,0.75,1.0,0.0,0.020342645503100595,0.1,0.027165435224492662
recurring-stress,117,calibration,fresh_racing,0.02125656666433645,5.210501774488563e-07,2048.0,1.0,0.75,1.0,0.0,0.019549381317551122,0.021834903415984933,0.036491278662717896
recurring-stress,117,calibration,reuse_racing,0.04153863476209929,2.5435256369998882e-05,2048.0,1.0,0.75,0.75,0.0,0.02010088745457675,0.013143232173474184,0.05440784319419317
recurring-stress,117,calibration,global_racing,0.0011289075697435424,2.5435256369998882e-05,2048.0,1.0,0.75,0.5,0.0,0.016296135657937253,0.015143490175416687,0.024328094188560467
recurring-stress,117,calibration,driftqas_racing,0.0011289075697435424,2.5435256369998882e-05,2048.0,1.0,0.75,0.5,0.0,0.016296135657937253,0.014387845665422954,0.02547933950738457
recurring-stress,117,calibration,driftqas_racing_uniform,0.019215826605001873,2.5435256369998882e-05,2048.0,1.0,1.0,0.5,0.0,0.020188524144735376,0.02607238044281251,0.047526980191967494
recurring-stress,118,calibration,reuse,2.1674154444428773e-05,4.3348308888857545e-05,2018.0,0.9853515625,1.0,0.25,0.0,0.019000773962184674,0.009411843771407566,0.018146253050304262
recurring-stress,118,calibration,driftqas,2.1674154444428773e-05,4.3348308888857545e-05,2008.0,0.98046875,1.0,0.25,0.0,0.019000773962184674,0.00942212354078198,0.018130331884934237
recurring-stress,118,calibration,ideal_only,0.01907029378307168,0.0,408.0,0.19921875,1.0,1.0,0.0,0.022739214377882955,0.1,0.027165435224491274
recurring-stress,118,calibration,fresh_racing,2.1674154444428773e-05,0.0,2048.0,1.0,1.0,0.75,0.0,0.01701176916903088,0.027549907131508438,0.04448539795761214
recurring-stress,118,calibration,reuse_racing,0.0190907154110031,0.0,2048.0,1.0,1.0,0.5,0.0,0.01995020477388742,0.015187106276047333,0.05307260016183907
recurring-stress,118,calibration,global_racing,0.0020801668480239233,0.008233970774317978,2048.0,1.0,1.0,0.5,0.0,0.017932884979197587,0.017356537986596053,0.027739545477302452
recurring-stress,118,calibration,driftqas_racing,0.0020801668480239233,0.008233970774317978,2048.0,1.0,1.0,0.5,0.0,0.017932884979197587,0.016989985520467907,0.02788564295486473
recurring-stress,118,calibration,driftqas_racing_uniform,0.0020801668480239233,0.008233970774317978,2048.0,1.0,1.0,0.5,0.0,0.017932884979197587,0.017457961964671836,0.035165308940728224
recurring-stress,119,calibration,reuse,0.0022342711058164766,0.00017543302076949985,2018.0,0.9853515625,1.0,0.5,0.0,0.017252383717865315,0.010587193941377882,0.019112627049264197
recurring-stress,119,calibration,driftqas,0.0022342711058164766,0.00017543302076949985,2008.0,0.98046875,1.0,0.5,0.0,0.017252383717865315,0.010630009728320792,0.019440218059193104
recurring-stress,119,calibration,ideal_only,0.019070293783045755,0.0,408.0,0.19921875,1.0,1.0,0.0,0.019819514121480704,0.1,0.027165435224494494
recurring-stress,119,calibration,fresh_racing,9.116475200715568e-05,0.00017543302076949985,2048.0,1.0,1.0,1.0,0.0,0.017273575129863963,0.02120916087045426,0.027950703314163328
recurring-stress,119,calibration,reuse_racing,4.385825519237496e-05,0.0,2048.0,1.0,1.0,1.0,0.0,0.017478617071019723,0.012974071030798884,0.011206312026962817
recurring-stress,119,calibration,global_racing,0.0010888131076275398,0.00017543302076949985,2048.0,1.0,1.0,1.0,0.0,0.018958318932781056,0.015179591609025218,0.015533590979836476
recurring-stress,119,calibration,driftqas_racing,0.0010888131076275398,0.00017543302076949985,2048.0,1.0,1.0,1.0,0.0,0.018958318932781056,0.014360559201622694,0.013060889154631328
recurring-stress,119,calibration,driftqas_racing_uniform,5.075473843441092e-05,1.3792966478520796e-05,2048.0,1.0,1.0,0.75,0.0,0.017802002210402533,0.01629856697871967,0.022611474783908903
recurring-stress,120,calibration,reuse,0.002450785473520123,0.004901570672408928,2018.0,0.9853515625,1.0,0.25,0.0,0.015505501609466427,0.009634938493685134,0.021315905007901148
recurring-stress,120,calibration,driftqas,0.0012253929427243904,0.004901570672408928,2018.0,0.9853515625,1.0,0.25,0.0,0.01686214819587778,0.009829294077764957,0.020141799848200137
recurring-stress,120,calibration,ideal_only,0.01907029378305003,0.0,408.0,0.19921875,0.75,1.0,0.0,0.018812163662885725,0.1,0.027165435224493606
recurring-stress,120,calibration,fresh_racing,0.002226489266638765,0.0040043863940886215,2048.0,1.0,1.0,1.0,0.0,0.01698521588521109,0.01912495604183668,0.02132075006348183
recurring-stress,120,calibration,reuse_racing,0.005296025324714793,5.492259980144354e-10,2048.0,1.0,1.0,1.0,0.0,0.015506985938660359,0.012677743732063864,0.01189888456153304
recurring-stress,120,calibration,global_racing,0.0012253929427243904,5.492259980144354e-10,1830.0,0.8935546875,1.0,0.75,0.0,0.017351728181155584,0.017525738204690382,0.03788577861833864
recurring-stress,120,calibration,driftqas_racing,0.0012253929427243904,5.492259980144354e-10,2038.0,0.9951171875,1.0,1.0,0.0,0.017351728181155584,0.013994886463744716,0.01352204684488334
recurring-stress,120,calibration,driftqas_racing_uniform,1.2521918675290067e-06,2.0872192862952943e-14,2038.0,0.9951171875,1.0,1.0,0.0,0.015817036362921942,0.014273504556505369,0.022120166079100667
